index,cluster
0,10
1,3
2,9
3,4
4,4
5,4
6,9
7,4
8,9
9,3
10,3
11,9
12,5
13,9
14,9
15,9
16,6
17,9
18,3
19,3
20,3
21,2
22,9
23,3
24,3
25,3
26,8
27,4
28,4
29,3
30,2
31,3
32,4
33,9
34,3
35,3
36,5
37,3
38,3
39,2
40,9
41,9
42,9
43,9
44,9
45,9
46,9
47,9
48,9
49,4
50,9
51,9
52,3
53,9
54,9
55,9
56,9
57,9
58,9
59,9
60,9
61,9
62,9
63,9
64,9
65,9
66,9
67,9
68,8
69,3
70,3
71,9
72,3
73,9
74,9
75,4
76,9
77,4
78,9
79,10
80,3
81,9
82,4
83,4
84,9
85,9
86,4
87,4
88,9
89,10
90,9
91,5
92,5
93,4
94,8
95,9
96,5
97,5
98,10
99,9
100,9
101,5
102,4
103,9
104,9
105,4
106,9
107,4
108,9
109,9
110,4
111,9
112,9
113,1
114,9
115,3
116,3
117,9
118,9
119,9
120,9
121,9
122,9
123,9
124,9
125,9
126,3
127,9
128,4
129,9
130,9
131,9
132,5
133,3
134,1
135,3
136,1
137,9
138,0
139,5
140,9
141,1
142,10
143,5
144,1
145,3
146,9
147,3
148,3
149,5
150,5
151,3
152,4
153,1
154,3
155,9
156,3
157,4
158,10
159,3
160,10
161,10
162,9
163,3
164,3
165,9
166,9
167,4
168,4
169,1
170,1
171,3
172,9
173,2
174,5
175,10
176,5
177,2
178,9
179,6
180,4
181,6
182,5
183,5
184,10
185,10
186,9
187,10
188,4
189,9
190,4
191,9
192,2
193,4
194,3
195,4
196,10
197,1
198,6
199,4
200,4
201,5
202,4
203,0
204,1
205,9
206,6
207,2
208,3
209,4
210,4
211,0
212,3
213,4
214,4
215,9
216,1
217,9
218,4
219,2
220,5
221,6
222,2
223,2
224,4
225,2
226,4
227,2
228,4
229,4
230,2
231,4
232,2
233,4
234,4
235,5
236,8
237,3
238,3
239,8
240,9
241,6
242,2
243,4
244,2
245,6
246,4
247,2
248,5
249,10
250,3
251,9
252,6
253,2
254,4
255,9
256,10
257,3
258,6
259,6
260,2
261,5
262,6
263,6
264,0
265,8
266,3
267,2
268,3
269,2
270,2
271,2
272,9
273,5
274,4
275,4
276,6
277,4
278,4
279,4
280,5
281,1
282,1
283,8
284,2
285,1
286,4
287,6
288,9
289,2
290,3
291,10
292,9
293,8
294,3
295,9
296,4
297,6
298,3
299,6
300,4
301,1
302,4
303,4
304,4
305,9
306,5
307,4
308,9
309,6
310,4
311,3
312,3
313,6
314,3
315,4
316,10
317,8
318,1
319,1
320,9
321,6
322,3
323,8
324,10
325,5
326,9
327,9
328,10
329,5
330,10
331,9
332,1
333,8
334,0
335,9
336,7
337,9
338,3
339,5
340,4
341,1
342,1
343,4
344,0
345,3
346,0
347,6
348,9
349,4
350,4
351,1
352,1
353,3
354,4
355,3
356,2
357,1
358,8
359,6
360,4
361,6
362,1
363,2
364,6
365,4
366,5
367,4
368,4
369,4
370,5
371,0
372,0
373,0
374,1
375,6
376,5
377,4
378,4
379,3
380,7
381,0
382,9
383,4
384,9
385,5
386,4
387,4
388,5
389,4
390,5
391,3
392,1
393,10
394,0
395,3
396,3
397,10
398,0
399,6
400,6
401,6
402,4
403,10
404,4
405,4
406,9
407,1
408,7
409,1
410,3
411,4
412,4
413,4
414,1
415,9
416,3
417,4
418,4
419,6
420,4
421,3
422,2
423,9
424,1
425,9
426,9
427,9
428,3
429,4
430,5
431,4
432,5
433,3
434,1
435,6
436,5
437,9
438,4
439,4
440,4
441,9
442,9
443,9
444,4
445,10
446,4
447,6
448,6
449,6
450,4
451,10
452,8
453,1
454,1
455,8
456,4
457,10
458,4
459,7
460,6
461,1
462,3
463,3
464,4
465,1
466,6
467,8
468,5
469,4
470,5
471,6
472,6
473,9
474,4
475,4
476,6
477,4
478,2
479,2
480,3
481,1
482,3
483,5
484,5
485,1
486,5
487,4
488,1
489,4
490,3
491,5
492,3
493,9
494,5
495,1
496,5
497,1
498,4
499,0
500,1
501,4
502,1
503,9
504,6
505,9
506,10
507,0
508,1
509,4
510,4
511,4
512,9
513,6
514,6
515,1
516,9
517,4
518,3
519,5
520,7
521,5
522,4
523,1
524,4
525,6
526,6
527,5
528,9
529,6
530,7
531,6
532,6
533,1
534,3
535,1
536,9
537,9
538,4
539,3
540,6
541,4
542,4
543,4
544,3
545,4
546,9
547,3
548,9
549,3
550,6
551,1
552,3
553,8
554,9
555,0
556,4
557,8
558,4
559,8
560,6
561,6
562,9
563,3
564,4
565,6
566,4
567,3
568,6
569,10
570,3
571,4
572,5
573,1
574,5
575,6
576,4
577,3
578,9
579,6
580,5
581,6
582,6
583,8
584,10
585,9
586,4
587,3
588,1
589,6
590,1
591,9
592,4
593,3
594,4
595,5
596,4
597,3
598,1
599,4
600,9
601,6
602,3
603,9
604,4
605,3
606,6
607,4
608,9
609,3
610,1
611,9
612,6
613,1
614,0
615,8
616,9
617,3
618,4
619,6
620,4
621,5
622,4
623,8
624,7
625,9
626,4
627,4
628,1
629,10
630,4
631,4
632,0
633,0
634,8
635,9
636,4
637,4
638,4
639,5
640,4
641,4
642,8
643,1
644,3
645,6
646,4
647,6
648,5
649,0
650,1
651,5
652,3
653,4
654,1
655,8
656,4
657,4
658,9
659,4
660,8
661,8
662,0
663,3
664,5
665,5
666,7
667,4
668,4
669,2
670,8
671,1
672,4
673,9
674,4
675,6
676,5
677,4
678,4
679,3
680,2
681,2
682,4
683,9
684,0
685,4
686,8
687,10
688,4
689,6
690,8
691,2
692,4
693,3
694,0
695,5
696,4
697,4
698,9
699,9
700,8
701,4
702,8
703,0
704,10
705,5
706,4
707,4
708,4
709,3
710,1
711,0
712,9
713,9
714,9
715,7
716,4
717,4
718,3
719,4
720,0
721,4
722,9
723,0
724,8
725,4
726,5
727,3
728,8
729,1
730,4
731,3
732,4
733,8
734,0
735,6
736,9
737,4
738,5
739,1
740,10
741,4
742,2
743,3
744,5
745,9
746,6
747,4
748,4
749,9
750,0
751,6
752,4
753,5
754,6
755,5
756,9
757,4
758,1
759,0
760,3
761,4
762,4
763,1
764,4
765,4
766,7
767,6
768,4
769,4
770,0
771,4
772,4
773,10
774,4
775,4
776,1
777,9
778,3
779,10
780,1
781,6
782,6
783,4
784,5
785,1
786,4
787,5
788,1
789,9
790,3
791,7
792,0
793,2
794,4
795,4
796,4
797,6
798,9
799,3
800,0
801,4
802,1
803,4
804,0
805,0
806,0
807,9
808,1
809,4
810,6
811,2
812,4
813,9
814,4
815,0
816,4
817,4
818,8
819,2
820,5
821,0
822,1
823,8
824,9
825,3
826,6
827,4
828,3
829,10
830,0
831,4
832,1
833,4
834,4
835,4
836,5
837,5
838,0
839,7
840,4
841,0
842,5
843,4
844,4
845,9
846,9
847,4
848,9
849,6
850,3
851,5
852,9
853,0
854,4
855,1
856,4
857,4
858,8
859,4
860,6
861,2
862,1
863,0
864,0
865,5
866,4
867,3
868,6
869,1
870,4
871,3
872,6
873,4
874,4
875,3
876,9
877,4
878,1
879,1
880,3
881,1
882,4
883,1
884,4
885,3
886,1
887,7
888,0
889,4
890,4
891,4
892,9
893,3
894,0
895,5
896,6
897,3
898,5
899,6
900,9
901,3
902,4
903,6
904,0
905,9
906,4
907,10
908,9
909,3
910,1
911,9
912,5
913,4
914,0
915,4
916,0
917,1
918,4
919,4
920,4
921,1
922,10
923,2
924,9
925,4
926,4
927,9
928,4
929,5
930,1
931,1
932,1
933,8
934,4
935,6
936,0
937,4
938,4
939,6
940,7
941,4
942,7
943,4
944,9
945,2
946,3
947,10
948,8
949,8
950,5
951,2
952,1
953,9
954,2
955,4
956,4
957,6
958,1
959,3
960,6
961,1
962,4
963,2
964,6
965,4
966,5
967,4
968,10
969,5
970,1
971,1
972,9
973,8
974,1
975,4
976,8
977,3
978,3
979,5
980,3
981,4
982,0
983,10
984,5
985,4
986,4
987,3
988,4
989,9
990,3
991,2
992,1
993,5
994,4
995,6
996,6
997,5
998,4
999,1
1000,5
1001,1
1002,4
1003,1
1004,8
1005,0
1006,3
1007,10
1008,3
1009,1
1010,4
1011,6
1012,4
1013,4
1014,6
1015,5
1016,4
1017,9
1018,4
1019,9
1020,4
1021,4
1022,4
1023,6
1024,4
1025,4
1026,0
1027,9
1028,6
1029,3
1030,4
1031,6
1032,4
1033,9
1034,3
1035,4
1036,3
1037,4
1038,4
1039,4
1040,9
1041,4
1042,6
1043,7
1044,1
1045,4
1046,3
1047,6
1048,4
1049,5
1050,4
1051,8
1052,9
1053,10
1054,6
1055,4
1056,1
1057,9
1058,4
1059,10
1060,1
1061,4
1062,0
1063,4
1064,6
1065,4
1066,8
1067,8
1068,9
1069,4
1070,9
1071,6
1072,8
1073,4
1074,4
1075,6
1076,9
1077,4
1078,4
1079,7
1080,3
1081,0
1082,0
1083,4
1084,4
1085,6
1086,6
1087,0
1088,1
1089,3
1090,4
1091,0
1092,4
1093,1
1094,4
1095,4
1096,3
1097,0
1098,6
1099,4
1100,9
1101,6
1102,1
1103,0
1104,3
1105,5
1106,4
1107,5
1108,5
1109,6
1110,4
1111,1
1112,4
1113,8
1114,0
1115,6
1116,4
1117,8
1118,7
1119,6
1120,7
1121,4
1122,4
1123,0
1124,0
1125,4
1126,0
1127,1
1128,9
1129,1
1130,5
1131,9
1132,1
1133,10
1134,1
1135,9
1136,6
1137,5
1138,1
1139,1
1140,10
1141,2
1142,4
1143,6
1144,4
1145,5
1146,1
1147,3
1148,4
1149,1
1150,4
1151,9
1152,4
1153,9
1154,1
1155,5
1156,4
1157,9
1158,2
1159,6
1160,7
1161,9
1162,8
1163,3
1164,1
1165,9
1166,4
1167,1
1168,5
1169,2
1170,6
1171,0
1172,7
1173,0
1174,10
1175,9
1176,1
1177,10
1178,0
1179,6
1180,3
1181,4
1182,3
1183,0
1184,3
1185,0
1186,5
1187,9
1188,4
1189,4
1190,9
1191,0
1192,9
1193,2
1194,4
1195,0
1196,4
1197,3
1198,1
1199,4
1200,4
1201,0
1202,9
1203,1
1204,8
1205,4
1206,3
1207,4
1208,3
1209,3
1210,3
1211,6
1212,3
1213,6
1214,10
1215,9
1216,8
1217,1
1218,10
1219,1
1220,6
1221,3
1222,6
1223,0
1224,4
1225,4
1226,7
1227,9
1228,4
1229,4
1230,0
1231,1
1232,6
1233,4
1234,3
1235,10
1236,9
1237,0
1238,1
1239,9
1240,6
1241,4
1242,6
1243,1
1244,4
1245,0
1246,4
1247,0
1248,6
1249,6
1250,1
1251,1
1252,0
1253,3
1254,5
1255,7
1256,0
1257,0
1258,3
1259,0
1260,3
1261,3
1262,6
1263,10
1264,10
1265,5
1266,7
1267,3
1268,1
1269,4
1270,1
1271,9
1272,1
1273,4
1274,4
1275,8
1276,6
1277,6
1278,9
1279,4
1280,4
1281,6
1282,3
1283,5
1284,4
1285,6
1286,4
1287,2
1288,1
1289,4
1290,4
1291,10
1292,7
1293,4
1294,1
1295,6
1296,0
1297,8
1298,0
1299,4
1300,1
1301,3
1302,1
1303,8
1304,6
1305,1
1306,1
1307,9
1308,8
1309,1
1310,1
1311,6
1312,3
1313,4
1314,9
1315,4
1316,7
1317,9
1318,1
1319,4
1320,10
1321,6
1322,0
1323,6
1324,7
1325,8
1326,1
1327,3
1328,9
1329,4
1330,1
1331,1
1332,6
1333,7
1334,3
1335,3
1336,1
1337,7
1338,5
1339,1
1340,0
1341,4
1342,6
1343,0
1344,10
1345,6
1346,0
1347,6
1348,0
1349,9
1350,10
1351,9
1352,7
1353,10
1354,0
1355,9
1356,4
1357,9
1358,6
1359,2
1360,4
1361,4
1362,4
1363,4
1364,10
1365,6
1366,1
1367,0
1368,9
1369,5
1370,3
1371,0
1372,4
1373,8
1374,1
1375,1
1376,4
1377,0
1378,0
1379,6
1380,2
1381,9
1382,5
1383,0
1384,8
1385,3
1386,4
1387,4
1388,1
1389,2
1390,6
1391,4
1392,4
1393,4
1394,6
1395,1
1396,3
1397,9
1398,3
1399,9
1400,4
1401,0
1402,9
1403,4
1404,9
1405,0
1406,4
1407,5
1408,10
1409,0
1410,4
1411,9
1412,6
1413,1
1414,1
1415,3
1416,5
1417,3
1418,10
1419,5
1420,7
1421,0
1422,8
1423,4
1424,9
1425,3
1426,7
1427,4
1428,2
1429,0
1430,4
1431,1
1432,1
1433,0
1434,2
1435,4
1436,1
1437,0
1438,1
1439,10
1440,4
1441,3
1442,7
1443,5
1444,4
1445,3
1446,8
1447,4
1448,4
1449,10
1450,5
1451,4
1452,2
1453,6
1454,4
1455,6
1456,0
1457,3
1458,4
1459,4
1460,4
1461,1
1462,0
1463,8
1464,6
1465,1
1466,3
1467,5
1468,5
1469,3
1470,4
1471,4
1472,0
1473,9
1474,4
1475,6
1476,7
1477,7
1478,7
1479,6
1480,3
1481,4
1482,6
1483,4
1484,6
1485,0
1486,9
1487,4
1488,4
1489,1
1490,7
1491,4
1492,4
1493,5
1494,4
1495,5
1496,4
1497,7
1498,6
1499,4
1500,6
1501,9
1502,9
1503,0
1504,6
1505,1
1506,3
1507,9
1508,1
1509,9
1510,4
1511,9
1512,9
1513,4
1514,1
1515,4
1516,5
1517,7
1518,1
1519,4
1520,3
1521,7
1522,4
1523,8
1524,9
1525,4
1526,7
1527,1
1528,3
1529,4
1530,4
1531,4
1532,10
1533,3
1534,4
1535,9
1536,3
1537,0
1538,7
1539,3
1540,4
1541,5
1542,8
1543,4
1544,6
1545,4
1546,5
1547,5
1548,1
1549,1
1550,0
1551,7
1552,3
1553,4
1554,1
1555,9
1556,9
1557,6
1558,1
1559,10
1560,10
1561,6
1562,10
1563,3
1564,5
1565,6
1566,2
1567,9
1568,4
1569,5
1570,4
1571,5
1572,1
1573,9
1574,6
1575,4
1576,9
1577,5
1578,4
1579,3
1580,4
1581,9
1582,4
1583,4
1584,5
1585,6
1586,6
1587,9
1588,9
1589,1
1590,7
1591,10
1592,2
1593,3
1594,4
1595,4
1596,10
1597,3
1598,0
1599,10
1600,6
1601,0
1602,5
1603,6
1604,4
1605,5
1606,4
1607,2
1608,4
1609,6
1610,4
1611,9
1612,5
1613,9
1614,4
1615,2
1616,6
1617,10
1618,1
1619,4
1620,9
1621,6
1622,10
1623,0
1624,0
1625,4
1626,0
1627,0
1628,5
1629,4
1630,1
1631,5
1632,3
1633,9
1634,2
1635,9
1636,3
1637,3
1638,4
1639,7
1640,3
1641,4
1642,0
1643,4
1644,6
1645,5
1646,4
1647,0
1648,7
1649,4
1650,3
1651,4
1652,1
1653,9
1654,3
1655,4
1656,4
1657,9
1658,0
1659,9
1660,6
1661,8
1662,1
1663,4
1664,10
1665,4
1666,3
1667,1
1668,0
1669,6
1670,0
1671,1
1672,9
1673,9
1674,9
1675,9
1676,3
1677,4
1678,6
1679,6
1680,6
1681,4
1682,0
1683,4
1684,3
1685,6
1686,8
1687,6
1688,1
1689,9
1690,0
1691,4
1692,9
1693,2
1694,9
1695,3
1696,1
1697,5
1698,6
1699,1
1700,9
1701,9
1702,10
1703,1
1704,4
1705,4
1706,1
1707,5
1708,6
1709,4
1710,1
1711,4
1712,0
1713,9
1714,4
1715,6
1716,6
1717,5
1718,4
1719,0
1720,0
1721,4
1722,6
1723,5
1724,3
1725,9
1726,1
1727,10
1728,6
1729,1
1730,6
1731,4
1732,7
1733,3
1734,4
1735,3
1736,6
1737,0
1738,4
1739,7
1740,9
1741,1
1742,3
1743,10
1744,6
1745,4
1746,4
1747,7
1748,3
1749,1
1750,4
1751,3
1752,0
1753,4
1754,9
1755,4
1756,6
1757,6
1758,4
1759,6
1760,9
1761,4
1762,1
1763,9
1764,8
1765,9
1766,0
1767,1
1768,1
1769,7
1770,3
1771,5
1772,4
1773,9
1774,9
1775,2
1776,4
1777,8
1778,10
1779,9
1780,1
1781,8
1782,4
1783,9
1784,0
1785,5
1786,1
1787,6
1788,1
1789,8
1790,4
1791,4
1792,1
1793,3
1794,1
1795,3
1796,9
1797,4
1798,4
1799,5
1800,5
1801,10
1802,4
1803,1
1804,1
1805,5
1806,9
1807,2
1808,1
1809,9
1810,3
1811,4
1812,6
1813,10
1814,9
1815,6
1816,4
1817,3
1818,4
1819,9
1820,6
1821,6
1822,6
1823,6
1824,6
1825,4
1826,1
1827,1
1828,4
1829,4
1830,8
1831,3
1832,3
1833,1
1834,0
1835,3
1836,4
1837,5
1838,4
1839,10
1840,4
1841,3
1842,9
1843,5
1844,0
1845,6
1846,0
1847,3
1848,4
1849,6
1850,3
1851,3
1852,6
1853,6
1854,9
1855,3
1856,2
1857,5
1858,1
1859,6
1860,6
1861,4
1862,9
1863,1
1864,7
1865,2
1866,4
1867,5
1868,4
1869,10
1870,4
1871,1
1872,4
1873,9
1874,4
1875,0
1876,0
1877,8
1878,9
1879,1
1880,4
1881,6
1882,2
1883,4
1884,10
1885,0
1886,4
1887,0
1888,6
1889,5
1890,6
1891,7
1892,7
1893,6
1894,5
1895,0
1896,7
1897,5
1898,4
1899,0
1900,5
1901,5
1902,6
1903,8
1904,4
1905,6
1906,6
1907,4
1908,1
1909,7
1910,7
1911,4
1912,3
1913,4
1914,4
1915,9
1916,1
1917,10
1918,4
1919,0
1920,5
1921,7
1922,4
1923,7
1924,3
1925,5
1926,6
1927,7
1928,0
1929,0
1930,2
1931,4
1932,7
1933,0
1934,4
1935,3
1936,4
1937,9
1938,4
1939,5
1940,5
1941,2
1942,6
1943,0
1944,6
1945,0
1946,6
1947,1
1948,4
1949,4
1950,0
1951,4
1952,4
1953,9
1954,6
1955,4
1956,9
1957,5
1958,6
1959,0
1960,9
1961,0
1962,7
1963,4
1964,5
1965,4
1966,5
1967,1
1968,3
1969,6
1970,5
1971,6
1972,0
1973,1
1974,0
1975,2
1976,9
1977,4
1978,4
1979,4
1980,7
1981,0
1982,3
1983,4
1984,3
1985,1
1986,10
1987,7
1988,6
1989,3
1990,10
1991,1
1992,4
1993,6
1994,9
1995,9
1996,4
1997,6
1998,6
1999,8
2000,6
2001,6
2002,4
2003,0
2004,4
2005,1
2006,9
2007,6
2008,1
2009,3
2010,5
2011,9
2012,1
2013,0
2014,5
2015,0
2016,4
2017,2
2018,8
2019,2
2020,4
2021,1
2022,1
2023,4
2024,4
2025,4
2026,10
2027,4
2028,10
2029,1
2030,10
2031,3
2032,6
2033,5
2034,6
2035,4
2036,9
2037,7
2038,1
2039,9
2040,3
2041,8
2042,4
2043,3
2044,7
2045,10
2046,1
2047,7
2048,1
2049,10
2050,3
2051,6
2052,0
2053,3
2054,10
2055,9
2056,6
2057,6
2058,6
2059,6
2060,9
2061,4
2062,7
2063,9
2064,10
2065,8
2066,5
2067,10
2068,4
2069,1
2070,4
2071,8
2072,6
2073,5
2074,10
2075,0
2076,1
2077,9
2078,1
2079,4
2080,4
2081,4
2082,5
2083,9
2084,10
2085,4
2086,7
2087,7
2088,4
2089,9
2090,7
2091,8
2092,4
2093,9
2094,6
2095,7
2096,6
2097,6
2098,0
2099,3
2100,7
2101,3
2102,0
2103,7
2104,8
2105,6
2106,9
2107,7
2108,3
2109,6
2110,1
2111,1
2112,0
2113,1
2114,1
2115,4
2116,2
2117,9
2118,3
2119,5
2120,7
2121,10
2122,6
2123,7
2124,4
2125,1
2126,3
2127,4
2128,3
2129,7
2130,4
2131,1
2132,6
2133,8
2134,8
2135,8
2136,5
2137,4
2138,4
2139,4
2140,10
2141,7
2142,9
2143,9
2144,4
2145,3
2146,0
2147,6
2148,4
2149,3
2150,2
2151,1
2152,4
2153,6
2154,1
2155,0
2156,5
2157,0
2158,1
2159,4
2160,4
2161,0
2162,4
2163,5
2164,6
2165,1
2166,3
2167,4
2168,7
2169,0
2170,4
2171,9
2172,0
2173,9
2174,3
2175,4
2176,8
2177,5
2178,2
2179,4
2180,10
2181,4
2182,7
2183,3
2184,4
2185,4
2186,3
2187,7
2188,1
2189,2
2190,1
2191,7
2192,3
2193,4
2194,2
2195,4
2196,4
2197,3
2198,1
2199,1
2200,0
2201,4
2202,3
2203,10
2204,9
2205,3
2206,9
2207,0
2208,0
2209,4
2210,6
2211,4
2212,4
2213,4
2214,0
2215,9
2216,4
2217,6
2218,9
2219,6
2220,0
2221,8
2222,6
2223,1
2224,9
2225,0
2226,0
2227,1
2228,5
2229,4
2230,4
2231,4
2232,9
2233,0
2234,9
2235,2
2236,10
2237,3
2238,7
2239,0
2240,4
2241,0
2242,5
2243,4
2244,7
2245,9
2246,6
2247,6
2248,7
2249,4
2250,9
2251,4
2252,8
2253,0
2254,9
2255,6
2256,5
2257,5
2258,9
2259,9
2260,4
2261,5
2262,3
2263,4
2264,4
2265,7
2266,7
2267,1
2268,6
2269,3
2270,9
2271,6
2272,4
2273,4
2274,8
2275,8
2276,4
2277,9
2278,6
2279,9
2280,9
2281,1
2282,7
2283,1
2284,3
2285,9
2286,9
2287,5
2288,5
2289,3
2290,5
2291,6
2292,3
2293,6
2294,5
2295,9
2296,3
2297,0
2298,3
2299,0
2300,2
2301,3
2302,4
2303,4
2304,1
2305,4
2306,4
2307,10
2308,4
2309,1
2310,8
2311,0
2312,5
2313,0
2314,8
2315,1
2316,4
2317,4
2318,6
2319,9
2320,0
2321,4
2322,1
2323,0
2324,1
2325,0
2326,10
2327,4
2328,3
2329,1
2330,0
2331,3
2332,7
2333,0
2334,9
2335,0
2336,9
2337,0
2338,5
2339,9
2340,4
2341,1
2342,9
2343,9
2344,4
2345,10
2346,1
2347,5
2348,4
2349,9
2350,9
2351,9
2352,1
2353,4
2354,7
2355,4
2356,4
2357,7
2358,7
2359,9
2360,4
2361,6
2362,9
2363,1
2364,1
2365,4
2366,1
2367,1
2368,4
2369,5
2370,1
2371,6
2372,7
2373,5
2374,4
2375,4
2376,7
2377,8
2378,7
2379,0
2380,4
2381,0
2382,0
2383,7
2384,0
2385,7
2386,4
2387,6
2388,4
2389,5
2390,6
2391,9
2392,0
2393,4
2394,4
2395,2
2396,8
2397,9
2398,4
2399,5
2400,1
2401,0
2402,3
2403,4
2404,9
2405,2
2406,1
2407,0
2408,0
2409,6
2410,9
2411,4
2412,0
2413,0
2414,7
2415,1
2416,1
2417,6
2418,5
2419,0
2420,3
2421,4
2422,5
2423,3
2424,4
2425,7
2426,6
2427,7
2428,4
2429,7
2430,0
2431,3
2432,9
2433,6
2434,3
2435,9
2436,4
2437,4
2438,1
2439,10
2440,7
2441,5
2442,3
2443,4
2444,4
2445,6
2446,4
2447,7
2448,0
2449,7
2450,3
2451,1
2452,0
2453,2
2454,7
2455,1
2456,5
2457,10
2458,5
2459,2
2460,4
2461,10
2462,1
2463,4
2464,5
2465,4
2466,6
2467,4
2468,10
2469,9
2470,3
2471,5
2472,3
2473,7
2474,1
2475,9
2476,5
2477,9
2478,9
2479,8
2480,4
2481,9
2482,9
2483,6
2484,9
2485,4
2486,3
2487,8
2488,4
2489,6
2490,4
2491,9
2492,0
2493,4
2494,4
2495,4
2496,6
2497,0
2498,7
2499,4
2500,4
2501,9
2502,2
2503,5
2504,4
2505,3
2506,1
2507,7
2508,4
2509,7
2510,5
2511,6
2512,6
2513,3
2514,4
2515,9
2516,10
2517,2
2518,4
2519,6
2520,0
2521,4
2522,3
2523,7
2524,0
2525,0
2526,2
2527,4
2528,1
2529,6
2530,7
2531,4
2532,4
2533,5
2534,7
2535,4
2536,4
2537,1
2538,4
2539,6
2540,9
2541,6
2542,6
2543,0
2544,6
2545,4
2546,3
2547,0
2548,6
2549,3
2550,2
2551,7
2552,9
2553,6
2554,4
2555,4
2556,8
2557,6
2558,1
2559,4
2560,4
2561,4
2562,1
2563,6
2564,4
2565,4
2566,7
2567,9
2568,6
2569,4
2570,0
2571,5
2572,1
2573,3
2574,9
2575,4
2576,7
2577,5
2578,9
2579,6
2580,9
2581,9
2582,1
2583,0
2584,4
2585,9
2586,4
2587,9
2588,3
2589,8
2590,5
2591,0
2592,0
2593,9
2594,5
2595,6
2596,4
2597,4
2598,1
2599,9
2600,0
2601,5
2602,7
2603,9
2604,0
2605,3
2606,4
2607,1
2608,9
2609,4
2610,1
2611,4
2612,4
2613,4
2614,0
2615,4
2616,0
2617,2
2618,3
2619,4
2620,9
2621,4
2622,4
2623,2
2624,8
2625,6
2626,1
2627,1
2628,4
2629,5
2630,1
2631,1
2632,7
2633,9
2634,4
2635,4
2636,5
2637,4
2638,0
2639,0
2640,10
2641,3
2642,1
2643,1
2644,4
2645,9
2646,7
2647,7
2648,6
2649,4
2650,1
2651,1
2652,9
2653,4
2654,1
2655,10
2656,8
2657,1
2658,1
2659,2
2660,4
2661,3
2662,2
2663,2
2664,8
2665,2
2666,4
2667,4
2668,8
2669,2
2670,4
2671,8
2672,6
2673,9
2674,6
2675,4
2676,7
2677,4
2678,7
2679,9
2680,4
2681,1
2682,6
2683,5
2684,4
2685,0
2686,4
2687,0
2688,9
2689,0
2690,10
2691,3
2692,10
2693,10
2694,1
2695,4
2696,6
2697,0
2698,4
2699,0
2700,4
2701,9
2702,6
2703,3
2704,4
2705,9
2706,1
2707,3
2708,0
2709,4
2710,4
2711,4
2712,7
2713,5
2714,6
2715,4
2716,4
2717,1
2718,4
2719,3
2720,9
2721,9
2722,1
2723,2
2724,4
2725,0
2726,7
2727,9
2728,4
2729,8
2730,4
2731,8
2732,4
2733,3
2734,3
2735,1
2736,0
2737,1
2738,4
2739,1
2740,10
2741,1
2742,3
2743,5
2744,7
2745,4
2746,4
2747,10
2748,3
2749,0
2750,4
2751,4
2752,8
2753,8
2754,6
2755,6
2756,8
2757,5
2758,0
2759,3
2760,3
2761,4
2762,3
2763,0
2764,9
2765,4
2766,4
2767,5
2768,1
2769,0
2770,0
2771,4
2772,6
2773,4
2774,6
2775,2
2776,4
2777,7
2778,2
2779,5
2780,3
2781,5
2782,6
2783,1
2784,0
2785,4
2786,1
2787,4
2788,1
2789,4
2790,1
2791,9
2792,0
2793,9
2794,4
2795,4
2796,4
2797,6
2798,9
2799,9
2800,3
2801,10
2802,4
2803,6
2804,6
2805,3
2806,8
2807,1
2808,0
2809,6
2810,7
2811,4
2812,4
2813,4
2814,2
2815,1
2816,3
2817,6
2818,7
2819,9
2820,2
2821,5
2822,5
2823,4
2824,1
2825,9
2826,9
2827,10
2828,1
2829,4
2830,0
2831,4
2832,8
2833,0
2834,9
2835,1
2836,1
2837,3
2838,4
2839,1
2840,3
2841,4
2842,7
2843,6
2844,0
2845,0
2846,6
2847,10
2848,4
2849,0
2850,7
2851,8
2852,1
2853,7
2854,4
2855,4
2856,1
2857,4
2858,9
2859,7
2860,3
2861,10
2862,4
2863,6
2864,1
2865,1
2866,6
2867,4
2868,7
2869,10
2870,7
2871,6
2872,4
2873,4
2874,0
2875,9
2876,9
2877,4
2878,1
2879,0
2880,6
2881,7
2882,0
2883,0
2884,9
2885,4
2886,1
2887,6
2888,6
2889,5
2890,5
2891,6
2892,9
2893,2
2894,1
2895,7
2896,5
2897,3
2898,7
2899,4
2900,4
2901,6
2902,1
2903,5
2904,1
2905,10
2906,5
2907,10
2908,6
2909,10
2910,2
2911,4
2912,1
2913,7
2914,9
2915,6
2916,9
2917,6
2918,4
2919,5
2920,2
2921,1
2922,7
2923,0
2924,3
2925,4
2926,1
2927,6
2928,4
2929,1
2930,3
2931,4
2932,4
2933,0
2934,10
2935,4
2936,5
2937,4
2938,1
2939,4
2940,5
2941,8
2942,4
2943,2
2944,9
2945,4
2946,1
2947,4
2948,4
2949,1
2950,0
2951,10
2952,1
2953,10
2954,9
2955,5
2956,4
2957,6
2958,10
2959,7
2960,7
2961,10
2962,9
2963,5
2964,1
2965,4
2966,4
2967,4
2968,5
2969,0
2970,9
2971,1
2972,5
2973,7
2974,4
2975,6
2976,1
2977,1
2978,1
2979,4
2980,1
2981,10
2982,3
2983,9
2984,1
2985,3
2986,1
2987,0
2988,4
2989,9
2990,2
2991,9
2992,0
2993,9
2994,1
2995,6
2996,0
2997,6
2998,2
2999,0
3000,2
3001,0
3002,4
3003,5
3004,4
3005,8
3006,5
3007,9
3008,3
3009,1
3010,8
3011,4
3012,4
3013,3
3014,5
3015,0
3016,4
3017,1
3018,6
3019,9
3020,8
3021,9
3022,8
3023,4
3024,9
3025,8
3026,4
3027,10
3028,4
3029,4
3030,6
3031,4
3032,9
3033,6
3034,4
3035,8
3036,4
3037,4
3038,0
3039,4
3040,3
3041,3
3042,4
3043,1
3044,10
3045,8
3046,10
3047,4
3048,5
3049,9
3050,0
3051,1
3052,4
3053,10
3054,8
3055,4
3056,4
3057,5
3058,5
3059,5
3060,8
3061,3
3062,8
3063,4
3064,3
3065,5
3066,1
3067,1
3068,2
3069,9
3070,1
3071,0
3072,6
3073,3
3074,1
3075,0
3076,1
3077,5
3078,7
3079,3
3080,6
3081,8
3082,7
3083,1
3084,4
3085,4
3086,0
3087,8
3088,0
3089,9
3090,4
3091,1
3092,1
3093,0
3094,4
3095,4
3096,7
3097,10
3098,4
3099,4
3100,3
3101,7
3102,2
3103,10
3104,5
3105,4
3106,2
3107,10
3108,3
3109,0
3110,0
3111,1
3112,10
3113,0
3114,9
3115,6
3116,10
3117,6
3118,8
3119,4
3120,6
3121,6
3122,4
3123,6
3124,1
3125,6
3126,5
3127,1
3128,0
3129,4
3130,1
3131,4
3132,10
3133,4
3134,0
3135,1
3136,1
3137,9
3138,3
3139,8
3140,5
3141,3
3142,1
3143,5
3144,2
3145,7
3146,6
3147,6
3148,1
3149,4
3150,1
3151,9
3152,4
3153,3
3154,5
3155,9
3156,3
3157,9
3158,3
3159,0
3160,8
3161,1
3162,10
3163,3
3164,4
3165,2
3166,8
3167,1
3168,5
3169,4
3170,7
3171,8
3172,0
3173,5
3174,5
3175,4
3176,4
3177,2
3178,4
3179,5
3180,3
3181,3
3182,1
3183,4
3184,8
3185,7
3186,6
3187,4
3188,0
3189,0
3190,4
3191,8
3192,1
3193,4
3194,4
3195,9
3196,3
3197,4
3198,4
3199,4
3200,2
3201,3
3202,9
3203,4
3204,2
3205,1
3206,10
3207,10
3208,3
3209,5
3210,3
3211,4
3212,10
3213,5
3214,7
3215,8
3216,1
3217,4
3218,0
3219,2
3220,4
3221,7
3222,6
3223,3
3224,7
3225,10
3226,5
3227,4
3228,9
3229,4
3230,7
3231,1
3232,8
3233,9
3234,4
3235,0
3236,4
3237,7
3238,0
3239,4
3240,4
3241,5
3242,3
3243,2
3244,2
3245,0
3246,5
3247,5
3248,10
3249,6
3250,6
3251,5
3252,4
3253,4
3254,7
3255,1
3256,0
3257,1
3258,3
3259,3
3260,3
3261,3
3262,3
3263,0
3264,6
3265,0
3266,9
3267,4
3268,6
3269,10
3270,0
3271,5
3272,9
3273,7
3274,0
3275,6
3276,3
3277,1
3278,4
3279,9
3280,8
3281,5
3282,9
3283,0
3284,2
3285,0
3286,5
3287,9
3288,4
3289,4
3290,2
3291,5
3292,9
3293,8
3294,6
3295,9
3296,1
3297,10
3298,4
3299,4
3300,8
3301,1
3302,2
3303,0
3304,4
3305,7
3306,1
3307,4
3308,10
3309,1
3310,9
3311,5
3312,0
3313,2
3314,8
3315,4
3316,6
3317,1
3318,7
3319,3
3320,4
3321,1
3322,6
3323,3
3324,1
3325,1
3326,7
3327,2
3328,1
3329,0
3330,4
3331,1
3332,4
3333,1
3334,8
3335,3
3336,4
3337,3
3338,9
3339,3
3340,6
3341,2
3342,4
3343,2
3344,5
3345,0
3346,4
3347,1
3348,5
3349,3
3350,9
3351,9
3352,6
3353,3
3354,3
3355,8
3356,3
3357,7
3358,4
3359,1
3360,2
3361,0
3362,9
3363,9
3364,8
3365,4
3366,3
3367,4
3368,4
3369,1
3370,1
3371,7
3372,4
3373,10
3374,3
3375,6
3376,7
3377,4
3378,7
3379,1
3380,9
3381,3
3382,1
3383,9
3384,0
3385,9
3386,1
3387,0
3388,6
3389,1
3390,0
3391,4
3392,10
3393,7
3394,7
3395,3
3396,1
3397,4
3398,8
3399,3
3400,5
3401,6
3402,6
3403,8
3404,10
3405,0
3406,3
3407,4
3408,3
3409,4
3410,7
3411,5
3412,8
3413,3
3414,4
3415,4
3416,1
3417,9
3418,9
3419,4
3420,7
3421,7
3422,6
3423,7
3424,7
3425,4
3426,3
3427,4
3428,1
3429,4
3430,4
3431,7
3432,6
3433,8
3434,6
3435,4
3436,9
3437,3
3438,6
3439,10
3440,4
3441,4
3442,10
3443,1
3444,5
3445,6
3446,6
3447,0
3448,3
3449,2
3450,0
3451,6
3452,7
3453,4
3454,1
3455,4
3456,7
3457,9
3458,0
3459,4
3460,7
3461,1
3462,8
3463,7
3464,4
3465,2
3466,0
3467,7
3468,7
3469,8
3470,7
3471,6
3472,6
3473,6
3474,10
3475,5
3476,7
3477,7
3478,3
3479,6
3480,7
3481,0
3482,1
3483,3
3484,7
3485,7
3486,1
3487,9
3488,4
3489,2
3490,7
3491,1
3492,8
3493,3
3494,4
3495,4
3496,4
3497,2
3498,1
3499,4
3500,4
3501,7
3502,1
3503,9
3504,3
3505,8
3506,7
3507,3
3508,6
3509,9
3510,10
3511,9
3512,3
3513,7
3514,0
3515,4
3516,7
3517,4
3518,1
3519,2
3520,4
3521,5
3522,10
3523,0
3524,4
3525,8
3526,5
3527,3
3528,0
3529,4
3530,7
3531,4
3532,7
3533,4
3534,0
3535,0
3536,4
3537,3
3538,7
3539,5
3540,1
3541,2
3542,0
3543,10
3544,5
3545,8
3546,10
3547,1
3548,9
3549,1
3550,7
3551,4
3552,1
3553,3
3554,9
3555,7
3556,1
3557,7
3558,0
3559,3
3560,7
3561,9
3562,4
3563,10
3564,10
3565,1
3566,9
3567,1
3568,10
3569,5
3570,6
3571,7
3572,1
3573,8
3574,8
3575,1
3576,4
3577,1
3578,1
3579,10
3580,0
3581,7
3582,7
3583,5
3584,10
3585,6
3586,9
3587,9
3588,2
3589,7
3590,4
3591,9
3592,4
3593,9
3594,5
3595,6
3596,3
3597,9
3598,6
3599,7
3600,6
3601,4
3602,7
3603,10
3604,3
3605,5
3606,6
3607,10
3608,7
3609,6
3610,4
3611,6
3612,1
3613,5
3614,6
3615,0
3616,6
3617,1
3618,4
3619,4
3620,8
3621,4
3622,4
3623,10
3624,0
3625,5
3626,4
3627,5
3628,4
3629,9
3630,9
3631,7
3632,8
3633,1
3634,5
3635,10
3636,6
3637,4
3638,7
3639,9
3640,9
3641,4
3642,2
3643,2
3644,9
3645,9
3646,3
3647,7
3648,6
3649,3
3650,4
3651,0
3652,4
3653,7
3654,3
3655,9
3656,6
3657,5
3658,4
3659,5
3660,1
3661,7
3662,3
3663,4
3664,3
3665,1
3666,3
3667,9
3668,1
3669,9
3670,4
3671,5
3672,4
3673,3
3674,10
3675,1
3676,0
3677,4
3678,4
3679,3
3680,9
3681,4
3682,10
3683,1
3684,8
3685,2
3686,9
3687,1
3688,4
3689,6
3690,6
3691,9
3692,4
3693,6
3694,10
3695,6
3696,1
3697,8
3698,1
3699,3
3700,6
3701,4
3702,7
3703,2
3704,7
3705,4
3706,4
3707,3
3708,1
3709,9
3710,1
3711,5
3712,4
3713,3
3714,4
3715,9
3716,6
3717,4
3718,6
3719,4
3720,3
3721,3
3722,4
3723,10
3724,0
3725,6
3726,3
3727,4
3728,9
3729,0
3730,3
3731,9
3732,0
3733,6
3734,8
3735,8
3736,4
3737,0
3738,3
3739,5
3740,6
3741,4
3742,0
3743,5
3744,0
3745,5
3746,3
3747,8
3748,7
3749,4
3750,2
3751,4
3752,5
3753,6
3754,1
3755,4
3756,4
3757,1
3758,5
3759,3
3760,8
3761,1
3762,5
3763,8
3764,6
3765,7
3766,1
3767,4
3768,9
3769,0
3770,5
3771,1
3772,4
3773,2
3774,3
3775,8
3776,5
3777,3
3778,0
3779,9
3780,0
3781,1
3782,1
3783,0
3784,4
3785,10
3786,9
3787,10
3788,0
3789,5
3790,9
3791,0
3792,4
3793,3
3794,3
3795,5
3796,5
3797,5
3798,5
3799,7
3800,0
3801,10
3802,1
3803,10
3804,7
3805,6
3806,0
3807,4
3808,2
3809,8
3810,10
3811,1
3812,4
3813,3
3814,8
3815,5
3816,9
3817,0
3818,8
3819,6
3820,4
3821,0
3822,6
3823,7
3824,9
3825,3
3826,5
3827,9
3828,4
3829,3
3830,4
3831,0
3832,10
3833,6
3834,9
3835,1
3836,3
3837,7
3838,0
3839,5
3840,4
3841,8
3842,9
3843,4
3844,1
3845,0
3846,0
3847,9
3848,1
3849,1
3850,0
3851,6
3852,1
3853,3
3854,4
3855,6
3856,9
3857,4
3858,4
3859,1
3860,3
3861,4
3862,0
3863,2
3864,6
3865,9
3866,5
3867,1
3868,7
3869,4
3870,3
3871,9
3872,6
3873,0
3874,1
3875,4
3876,2
3877,9
3878,6
3879,0
3880,7
3881,9
3882,5
3883,6
3884,4
3885,3
3886,5
3887,4
3888,9
3889,3
3890,6
3891,6
3892,3
3893,4
3894,3
3895,10
3896,4
3897,4
3898,4
3899,1
3900,1
3901,10
3902,9
3903,9
3904,6
3905,0
3906,4
3907,8
3908,8
3909,5
3910,3
3911,6
3912,2
3913,3
3914,4
3915,10
3916,4
3917,6
3918,5
3919,6
3920,6
3921,4
3922,4
3923,3
3924,0
3925,4
3926,6
3927,1
3928,1
3929,5
3930,8
3931,5
3932,9
3933,4
3934,9
3935,10
3936,7
3937,3
3938,9
3939,10
3940,9
3941,3
3942,4
3943,5
3944,8
3945,6
3946,4
3947,1
3948,4
3949,5
3950,4
3951,1
3952,4
3953,4
3954,9
3955,4
3956,6
3957,0
3958,0
3959,5
3960,3
3961,0
3962,3
3963,7
3964,4
3965,0
3966,4
3967,4
3968,4
3969,0
3970,4
3971,6
3972,2
3973,5
3974,6
3975,8
3976,4
3977,1
3978,3
3979,5
3980,9
3981,4
3982,10
3983,4
3984,10
3985,0
3986,3
3987,10
3988,4
3989,3
3990,2
3991,10
3992,1
3993,10
3994,4
3995,4
3996,4
3997,0
3998,9
3999,4
4000,1
4001,7
4002,1
4003,6
4004,1
4005,1
4006,1
4007,3
4008,1
4009,4
4010,10
4011,2
4012,4
4013,4
4014,4
4015,3
4016,10
4017,9
4018,3
4019,10
4020,8
4021,5
4022,10
4023,3
4024,1
4025,0
4026,1
4027,8
4028,1
4029,5
4030,4
4031,5
4032,4
4033,3
4034,4
4035,6
4036,9
4037,6
4038,4
4039,2
4040,1
4041,4
4042,6
4043,5
4044,7
4045,8
4046,8
4047,3
4048,7
4049,1
4050,4
4051,6
4052,8
4053,6
4054,9
4055,7
4056,4
4057,6
4058,3
4059,2
4060,4
4061,0
4062,4
4063,7
4064,0
4065,10
4066,1
4067,1
4068,7
4069,2
4070,2
4071,10
4072,5
4073,4
4074,3
4075,6
4076,4
4077,4
4078,4
4079,9
4080,8
4081,8
4082,8
4083,4
4084,9
4085,3
4086,9
4087,4
4088,4
4089,7
4090,3
4091,9
4092,2
4093,8
4094,2
4095,2
4096,1
4097,4
4098,0
4099,4
4100,0
4101,1
4102,0
4103,0
4104,6
4105,3
4106,1
4107,4
4108,3
4109,5
4110,9
4111,9
4112,3
4113,3
4114,3
4115,3
4116,7
4117,5
4118,8
4119,1
4120,0
4121,10
4122,6
4123,6
4124,9
4125,3
4126,7
4127,3
4128,10
4129,3
4130,6
4131,1
4132,0
4133,3
4134,4
4135,6
4136,0
4137,4
4138,1
4139,0
4140,1
4141,0
4142,7
4143,5
4144,6
4145,4
4146,4
4147,1
4148,10
4149,9
4150,4
4151,5
4152,4
4153,3
4154,4
4155,0
4156,6
4157,4
4158,0
4159,9
4160,0
4161,6
4162,4
4163,1
4164,6
4165,6
4166,5
4167,4
4168,4
4169,0
4170,4
4171,5
4172,5
4173,5
4174,4
4175,4
4176,10
4177,2
4178,3
4179,0
4180,3
4181,9
4182,0
4183,1
4184,3
4185,6
4186,1
4187,6
4188,9
4189,5
4190,6
4191,5
4192,4
4193,7
4194,2
4195,2
4196,4
4197,0
4198,9
4199,0
4200,5
4201,4
4202,1
4203,5
4204,1
4205,10
4206,1
4207,1
4208,4
4209,1
4210,4
4211,1
4212,4
4213,8
4214,4
4215,6
4216,0
4217,9
4218,3
4219,9
4220,4
4221,9
4222,4
4223,4
4224,3
4225,10
4226,4
4227,6
4228,8
4229,9
4230,4
4231,9
4232,5
4233,3
4234,4
4235,0
4236,0
4237,4
4238,5
4239,0
4240,9
4241,1
4242,6
4243,8
4244,10
4245,3
4246,5
4247,9
4248,3
4249,10
4250,6
4251,10
4252,4
4253,5
4254,1
4255,2
4256,0
4257,9
4258,9
4259,8
4260,8
4261,4
4262,9
4263,4
4264,4
4265,6
4266,8
4267,4
4268,3
4269,4
4270,6
4271,3
4272,3
4273,6
4274,9
4275,6
4276,4
4277,4
4278,10
4279,1
4280,3
4281,4
4282,3
4283,2
4284,4
4285,5
4286,3
4287,10
4288,0
4289,3
4290,1
4291,7
4292,3
4293,6
4294,3
4295,1
4296,5
4297,6
4298,8
4299,6
4300,0
4301,7
4302,8
4303,9
4304,4
4305,7
4306,0
4307,4
4308,3
4309,5
4310,0
4311,4
4312,5
4313,1
4314,4
4315,4
4316,4
4317,0
4318,9
4319,5
4320,0
4321,9
4322,10
4323,0
4324,6
4325,4
4326,9
4327,4
4328,0
4329,9
4330,5
4331,0
4332,5
4333,6
4334,5
4335,4
4336,4
4337,7
4338,10
4339,4
4340,9
4341,7
4342,0
4343,1
4344,0
4345,4
4346,9
4347,8
4348,4
4349,7
4350,3
4351,4
4352,7
4353,10
4354,4
4355,7
4356,1
4357,3
4358,7
4359,4
4360,4
4361,5
4362,4
4363,2
4364,1
4365,4
4366,4
4367,10
4368,4
4369,5
4370,9
4371,5
4372,4
4373,4
4374,8
4375,9
4376,9
4377,4
4378,6
4379,4
4380,7
4381,4
4382,4
4383,2
4384,2
4385,4
4386,4
4387,1
4388,3
4389,10
4390,4
4391,0
4392,6
4393,4
4394,2
4395,10
4396,3
4397,5
4398,8
4399,3
4400,5
4401,3
4402,6
4403,9
4404,10
4405,0
4406,5
4407,2
4408,5
4409,8
4410,8
4411,4
4412,4
4413,4
4414,2
4415,5
4416,6
4417,1
4418,4
4419,3
4420,4
4421,3
4422,4
4423,8
4424,4
4425,4
4426,2
4427,1
4428,4
4429,7
4430,6
4431,4
4432,4
4433,2
4434,10
4435,6
4436,0
4437,4
4438,6
4439,9
4440,4
4441,9
4442,8
4443,4
4444,0
4445,4
4446,7
4447,4
4448,3
4449,9
4450,3
4451,1
4452,4
4453,1
4454,4
4455,8
4456,9
4457,0
4458,10
4459,4
4460,2
4461,7
4462,5
4463,0
4464,4
4465,9
4466,4
4467,6
4468,5
4469,1
4470,10
4471,1
4472,3
4473,4
4474,6
4475,0
4476,0
4477,1
4478,3
4479,7
4480,3
4481,3
4482,0
4483,4
4484,7
4485,0
4486,7
4487,0
4488,1
4489,2
4490,0
4491,8
4492,3
4493,10
4494,5
4495,5
4496,0
4497,4
4498,0
4499,10
4500,8
4501,4
4502,1
4503,3
4504,7
4505,8
4506,0
4507,9
4508,7
4509,0
4510,7
4511,0
4512,1
4513,7
4514,3
4515,0
4516,5
4517,3
4518,0
4519,6
4520,4
4521,6
4522,4
4523,3
4524,6
4525,7
4526,3
4527,5
4528,5
4529,7
4530,4
4531,2
4532,10
4533,9
4534,2
4535,10
4536,4
4537,4
4538,4
4539,4
4540,4
4541,0
4542,8
4543,1
4544,1
4545,6
4546,3
4547,4
4548,10
4549,4
4550,0
4551,9
4552,7
4553,4
4554,6
4555,5
4556,10
4557,0
4558,0
4559,5
4560,2
4561,8
4562,8
4563,10
4564,6
4565,8
4566,10
4567,4
4568,7
4569,4
4570,10
4571,6
4572,0
4573,3
4574,3
4575,7
4576,1
4577,3
4578,5
4579,9
4580,9
4581,4
4582,8
4583,4
4584,6
4585,4
4586,1
4587,4
4588,7
4589,7
4590,7
4591,3
4592,4
4593,7
4594,5
4595,4
4596,3
4597,7
4598,4
4599,1
4600,1
4601,4
4602,3
4603,1
4604,7
4605,4
4606,6
4607,6
4608,10
4609,3
4610,4
4611,3
4612,4
4613,3
4614,0
4615,4
4616,4
4617,5
4618,9
4619,5
4620,0
4621,0
4622,4
4623,1
4624,1
4625,1
4626,3
4627,4
4628,10
4629,7
4630,6
4631,2
4632,10
4633,3
4634,6
4635,8
4636,4
4637,4
4638,4
4639,9
4640,1
4641,6
4642,4
4643,4
4644,1
4645,8
4646,6
4647,4
4648,3
4649,2
4650,1
4651,10
4652,0
4653,4
4654,3
4655,8
4656,4
4657,10
4658,6
4659,3
4660,4
4661,0
4662,4
4663,9
4664,0
4665,9
4666,10
4667,9
4668,2
4669,5
4670,10
4671,6
4672,6
4673,7
4674,4
4675,6
4676,9
4677,1
4678,3
4679,9
4680,4
4681,4
4682,4
4683,4
4684,2
4685,6
4686,4
4687,1
4688,8
4689,4
4690,1
4691,5
4692,1
4693,7
4694,7
4695,6
4696,7
4697,3
4698,6
4699,7
4700,6
4701,6
4702,7
4703,7
4704,7
4705,7
4706,7
4707,10
4708,5
4709,7
4710,7
4711,7
4712,5
4713,6
4714,0
4715,7
4716,7
4717,9
4718,6
4719,7
4720,4
4721,7
4722,2
4723,7
4724,5
4725,7
4726,5
4727,10
4728,3
4729,0
4730,7
4731,7
4732,7
4733,10
4734,7
4735,7
4736,4
4737,9
4738,7
4739,4
4740,7
4741,7
4742,7
4743,7
4744,6
4745,7
4746,3
4747,7
4748,4
4749,5
4750,5
4751,4
4752,0
4753,6
4754,1
4755,0
4756,7
4757,7
4758,7
4759,3
4760,3
4761,0
4762,1
4763,5
4764,2
4765,3
4766,7
4767,7
4768,7
4769,5
4770,5
4771,5
4772,6
4773,8
4774,3
4775,5
4776,4
4777,6
4778,7
4779,0
4780,4
4781,0
4782,4
4783,7
4784,5
4785,4
4786,4
4787,7
4788,10
4789,1
4790,1
4791,5
4792,2
4793,9
4794,7
4795,3
4796,9
4797,1
4798,8
4799,5
4800,4
4801,5
4802,5
4803,2
4804,2
4805,4
4806,1
4807,8
4808,9
4809,6
4810,4
4811,4
4812,5
4813,6
4814,0
4815,10
4816,1
4817,7
4818,7
4819,7
4820,4
4821,0
4822,3
4823,7
4824,6
4825,9
4826,9
4827,9
4828,4
4829,6
4830,4
4831,5
4832,6
4833,5
4834,6
4835,0
4836,4
4837,0
4838,5
4839,6
4840,5
4841,4
4842,6
4843,10
4844,4
4845,7
4846,7
4847,1
4848,2
4849,10
4850,5
4851,4
4852,4
4853,4
4854,3
4855,9
4856,10
4857,1
4858,3
4859,7
4860,2
4861,7
4862,2
4863,7
4864,10
4865,4
4866,7
4867,9
4868,5
4869,6
4870,1
4871,10
4872,3
4873,2
4874,10
4875,5
4876,6
4877,4
4878,7
4879,10
4880,8
4881,7
4882,4
4883,5
4884,3
4885,4
4886,0
4887,7
4888,2
4889,6
4890,6
4891,1
4892,6
4893,4
4894,4
4895,8
4896,4
4897,8
4898,6
4899,2
4900,2
4901,3
4902,10
4903,7
4904,7
4905,0
4906,7
4907,3
4908,6
4909,3
4910,1
4911,0
4912,7
4913,5
4914,4
4915,3
4916,6
4917,6
4918,4
4919,10
4920,9
4921,4
4922,7
4923,7
4924,1
4925,4
4926,2
4927,10
4928,5
4929,4
4930,2
4931,5
4932,5
4933,0
4934,1
4935,9
4936,7
4937,3
4938,7
4939,1
4940,1
4941,3
4942,8
4943,7
4944,1
4945,3
4946,7
4947,1
4948,1
4949,7
4950,7
4951,1
4952,1
4953,1
4954,5
4955,7
4956,4
4957,1
4958,1
4959,4
4960,4
4961,1
4962,1
4963,9
4964,3
4965,7
4966,5
4967,4
4968,3
4969,4
4970,3
4971,5
4972,1
4973,10
4974,6
4975,2
4976,4
4977,3
4978,1
4979,4
4980,4
4981,5
4982,5
4983,7
4984,8
4985,3
4986,9
4987,4
4988,5
4989,9
4990,4
4991,2
4992,8
4993,1
4994,10
4995,7
4996,3
4997,7
4998,4
4999,1
5000,6
5001,1
5002,8
5003,5
5004,4
5005,4
5006,1
5007,7
5008,8
5009,0
5010,4
5011,3
5012,3
5013,5
5014,3
5015,10
5016,0
5017,1
5018,10
5019,6
5020,1
5021,6
5022,6
5023,5
5024,5
5025,5
5026,4
5027,7
5028,4
5029,0
5030,7
5031,6
5032,6
5033,7
5034,9
5035,7
5036,7
5037,9
5038,4
5039,4
5040,1
5041,1
5042,7
5043,4
5044,10
5045,3
5046,4
5047,1
5048,0
5049,9
5050,4
5051,3
5052,7
5053,1
5054,0
5055,9
5056,1
5057,2
5058,8
5059,9
5060,7
5061,4
5062,5
5063,4
5064,0
5065,2
5066,4
5067,4
5068,7
5069,10
5070,6
5071,4
5072,4
5073,5
5074,4
5075,1
5076,7
5077,4
5078,6
5079,7
5080,0
5081,8
5082,7
5083,5
5084,0
5085,0
5086,0
5087,4
5088,4
5089,6
5090,8
5091,3
5092,6
5093,7
5094,7
5095,8
5096,6
5097,7
5098,4
5099,1
5100,4
5101,7
5102,4
5103,2
5104,4
5105,5
5106,6
5107,8
5108,9
5109,1
5110,6
5111,2
5112,9
5113,5
5114,10
5115,6
5116,5
5117,9
5118,4
5119,0
5120,9
5121,9
5122,10
5123,8
5124,8
5125,6
5126,2
5127,7
5128,4
5129,4
5130,4
5131,7
5132,8
5133,5
5134,7
5135,9
5136,3
5137,0
5138,7
5139,9
5140,4
5141,4
5142,0
5143,9
5144,4
5145,2
5146,6
5147,4
5148,7
5149,4
5150,4
5151,6
5152,7
5153,6
5154,7
5155,10
5156,6
5157,10
5158,6
5159,6
5160,6
5161,4
5162,5
5163,10
5164,6
5165,6
5166,1
5167,7
5168,2
5169,2
5170,3
5171,6
5172,1
5173,6
5174,5
5175,2
5176,9
5177,7
5178,3
5179,9
5180,1
5181,9
5182,8
5183,5
5184,4
5185,7
5186,6
5187,2
5188,4
5189,7
5190,9
5191,6
5192,4
5193,0
5194,5
5195,7
5196,2
5197,9
5198,2
5199,6
5200,7
5201,2
5202,0
5203,4
5204,4
5205,4
5206,1
5207,4
5208,0
5209,3
5210,1
5211,9
5212,3
5213,4
5214,7
5215,8
5216,4
5217,4
5218,6
5219,4
5220,9
5221,10
5222,10
5223,1
5224,3
5225,7
5226,7
5227,1
5228,7
5229,5
5230,0
5231,4
5232,1
5233,6
5234,4
5235,8
5236,2
5237,4
5238,2
5239,4
5240,8
5241,8
5242,9
5243,1
5244,0
5245,1
5246,4
5247,6
5248,4
5249,7
5250,0
5251,7
5252,7
5253,1
5254,6
5255,0
5256,3
5257,7
5258,7
5259,9
5260,4
5261,6
5262,4
5263,4
5264,7
5265,1
5266,4
5267,10
5268,4
5269,4
5270,10
5271,4
5272,9
5273,7
5274,10
5275,0
5276,0
5277,3
5278,1
5279,7
5280,1
5281,4
5282,6
5283,9
5284,3
5285,4
5286,9
5287,7
5288,4
5289,4
5290,5
5291,2
5292,4
5293,1
5294,0
5295,4
5296,8
5297,9
5298,3
5299,2
5300,5
5301,0
5302,2
5303,7
5304,9
5305,4
5306,9
5307,3
5308,4
5309,10
5310,5
5311,5
5312,6
5313,4
5314,10
5315,0
5316,4
5317,3
5318,4
5319,4
5320,8
5321,6
5322,0
5323,9
5324,3
5325,4
5326,3
5327,0
5328,9
5329,4
5330,3
5331,0
5332,10
5333,7
5334,9
5335,1
5336,1
5337,5
5338,4
5339,10
5340,7
5341,1
5342,6
5343,9
5344,4
5345,1
5346,9
5347,6
5348,1
5349,9
5350,2
5351,1
5352,4
5353,4
5354,1
5355,3
5356,0
5357,4
5358,7
5359,1
5360,1
5361,6
5362,4
5363,6
5364,1
5365,9
5366,6
5367,10
5368,5
5369,6
5370,0
5371,10
5372,9
5373,0
5374,4
5375,2
5376,4
5377,0
5378,8
5379,4
5380,2
5381,9
5382,1
5383,4
5384,10
5385,0
5386,2
5387,2
5388,0
5389,0
5390,1
5391,4
5392,7
5393,8
5394,0
5395,5
5396,7
5397,4
5398,4
5399,3
5400,6
5401,1
5402,1
5403,0
5404,4
5405,0
5406,10
5407,5
5408,3
5409,3
5410,1
5411,1
5412,9
5413,4
5414,8
5415,9
5416,2
5417,3
5418,6
5419,0
5420,6
5421,8
5422,4
5423,7
5424,4
5425,9
5426,4
5427,3
5428,3
5429,4
5430,4
5431,1
5432,4
5433,4
5434,6
5435,5
5436,3
5437,1
5438,10
5439,6
5440,9
5441,5
5442,4
5443,4
5444,9
5445,9
5446,6
5447,6
5448,6
5449,8
5450,1
5451,6
5452,1
5453,1
5454,10
5455,3
5456,4
5457,1
5458,10
5459,8
5460,2
5461,8
5462,1
5463,2
5464,2
5465,0
5466,8
5467,0
5468,0
5469,1
5470,6
5471,10
5472,10
5473,3
5474,10
5475,6
5476,5
5477,0
5478,4
5479,8
5480,6
5481,4
5482,2
5483,4
5484,10
5485,3
5486,6
5487,0
5488,4
5489,10
5490,4
5491,5
5492,7
5493,4
5494,6
5495,6
5496,1
5497,1
5498,5
5499,1
5500,3
5501,9
5502,1
5503,5
5504,0
5505,3
5506,10
5507,0
5508,3
5509,0
5510,5
5511,4
5512,4
5513,1
5514,6
5515,4
5516,8
5517,8
5518,0
5519,3
5520,9
5521,5
5522,0
5523,8
5524,10
5525,4
5526,3
5527,4
5528,1
5529,4
5530,1
5531,4
5532,8
5533,4
5534,1
5535,1
5536,4
5537,1
5538,9
5539,4
5540,0
5541,1
5542,6
5543,1
5544,6
5545,9
5546,9
5547,4
5548,5
5549,3
5550,1
5551,0
5552,4
5553,0
5554,5
5555,5
5556,0
5557,1
5558,3
5559,4
5560,1
5561,9
5562,7
5563,9
5564,10
5565,9
5566,4
5567,9
5568,2
5569,6
5570,8
5571,2
5572,10
5573,5
5574,1
5575,10
5576,0
5577,4
5578,9
5579,4
5580,9
5581,5
5582,4
5583,3
5584,0
5585,4
5586,9
5587,1
5588,9
5589,2
5590,8
5591,3
5592,4
5593,10
5594,4
5595,9
5596,4
5597,3
5598,5
5599,4
5600,10
5601,0
5602,5
5603,3
5604,2
5605,0
5606,5
5607,9
5608,10
5609,4
5610,2
5611,2
5612,4
5613,10
5614,1
5615,1
5616,2
5617,4
5618,9
5619,4
5620,4
5621,4
5622,10
5623,9
5624,4
5625,9
5626,5
5627,4
5628,1
5629,6
5630,4
5631,2
5632,2
5633,9
5634,7
5635,1
5636,9
5637,8
5638,9
5639,4
5640,4
5641,4
5642,3
5643,5
5644,3
5645,5
5646,4
5647,5
5648,6
5649,1
5650,4
5651,8
5652,4
5653,3
5654,10
5655,1
5656,4
5657,3
5658,1
5659,3
5660,1
5661,1
5662,4
5663,8
5664,3
5665,4
5666,3
5667,1
5668,4
5669,4
5670,0
5671,9
5672,1
5673,3
5674,5
5675,0
5676,5
5677,0
5678,6
5679,1
5680,2
5681,4
5682,3
5683,9
5684,9
5685,5
5686,10
5687,4
5688,4
5689,6
5690,4
5691,0
5692,4
5693,4
5694,9
5695,8
5696,3
5697,3
5698,3
5699,2
5700,5
5701,0
5702,6
5703,4
5704,1
5705,6
5706,5
5707,1
5708,1
5709,2
5710,10
5711,0
5712,4
5713,4
5714,4
5715,4
5716,5
5717,8
5718,8
5719,6
5720,2
5721,7
5722,5
5723,5
5724,0
5725,9
5726,1
5727,9
5728,4
5729,4
5730,3
5731,10
5732,0
5733,9
5734,6
5735,1
5736,4
5737,0
5738,5
5739,7
5740,9
5741,2
5742,1
5743,8
5744,1
5745,0
5746,4
5747,4
5748,3
5749,0
5750,7
5751,4
5752,1
5753,7
5754,0
5755,4
5756,9
5757,0
5758,8
5759,3
5760,0
5761,10
5762,5
5763,4
5764,9
5765,9
5766,4
5767,9
5768,4
5769,8
5770,4
5771,4
5772,3
5773,0
5774,4
5775,5
5776,0
5777,0
5778,1
5779,4
5780,2
5781,10
5782,2
5783,4
5784,5
5785,4
5786,3
5787,10
5788,6
5789,4
5790,6
5791,1
5792,6
5793,0
5794,2
5795,5
5796,5
5797,2
5798,0
5799,2
5800,4
5801,9
5802,5
5803,1
5804,5
5805,3
5806,4
5807,5
5808,4
5809,8
5810,9
5811,3
5812,4
5813,10
5814,4
5815,10
5816,0
5817,5
5818,1
5819,5
5820,4
5821,2
5822,1
5823,10
5824,4
5825,4
5826,4
5827,7
5828,4
5829,3
5830,6
5831,4
5832,3
5833,5
5834,5
5835,2
5836,1
5837,8
5838,4
5839,1
5840,4
5841,3
5842,7
5843,4
5844,4
5845,10
5846,10
5847,3
5848,9
5849,5
5850,2
5851,10
5852,9
5853,4
5854,4
5855,8
5856,4
5857,1
5858,1
5859,4
5860,5
5861,3
5862,0
5863,1
5864,5
5865,1
5866,9
5867,10
5868,1
5869,4
5870,0
5871,6
5872,9
5873,4
5874,10
5875,4
5876,4
5877,6
5878,9
5879,0
5880,5
5881,1
5882,1
5883,4
5884,4
5885,3
5886,1
5887,4
5888,0
5889,1
5890,7
5891,10
5892,2
5893,1
5894,5
5895,9
5896,4
5897,4
5898,6
5899,6
5900,1
5901,9
5902,9
5903,4
5904,3
5905,4
5906,4
5907,10
5908,3
5909,5
5910,0
5911,8
5912,4
5913,1
5914,5
5915,3
5916,1
5917,1
5918,3
5919,4
5920,4
5921,1
5922,8
5923,5
5924,1
5925,1
5926,4
5927,3
5928,1
5929,9
5930,3
5931,1
5932,6
5933,5
5934,6
5935,8
5936,3
5937,1
5938,2
5939,9
5940,6
5941,4
5942,9
5943,2
5944,5
5945,3
5946,1
5947,3
5948,10
5949,6
5950,1
5951,3
5952,4
5953,10
5954,4
5955,8
5956,9
5957,8
5958,4
5959,5
5960,4
5961,5
5962,8
5963,0
5964,4
5965,6
5966,0
5967,4
5968,5
5969,5
5970,4
5971,4
5972,9
5973,4
5974,4
5975,1
5976,6
5977,6
5978,10
5979,4
5980,5
5981,3
5982,3
5983,4
5984,9
5985,1
5986,4
5987,4
5988,0
5989,10
5990,3
5991,10
5992,3
5993,8
5994,8
5995,6
5996,10
5997,5
5998,6
5999,3
6000,2
6001,4
6002,9
6003,0
6004,9
6005,1
6006,1
6007,0
6008,4
6009,4
6010,9
6011,6
6012,5
6013,4
6014,6
6015,4
6016,2
6017,7
6018,2
6019,1
6020,4
6021,0
6022,2
6023,4
6024,0
6025,3
6026,1
6027,3
6028,4
6029,6
6030,7
6031,4
6032,5
6033,4
6034,10
6035,10
6036,7
6037,9
6038,3
6039,0
6040,4
6041,9
6042,4
6043,2
6044,7
6045,6
6046,7
6047,3
6048,1
6049,3
6050,7
6051,6
6052,1
6053,4
6054,6
6055,6
6056,4
6057,3
6058,6
6059,7
6060,1
6061,3
6062,4
6063,10
6064,4
6065,0
6066,4
6067,10
6068,4
6069,4
6070,10
6071,2
6072,3
6073,3
6074,0
6075,5
6076,6
6077,0
6078,1
6079,0
6080,1
6081,2
6082,7
6083,3
6084,3
6085,4
6086,6
6087,4
6088,5
6089,3
6090,9
6091,5
6092,10
6093,9
6094,4
6095,6
6096,9
6097,3
6098,9
6099,5
6100,4
6101,8
6102,2
6103,8
6104,4
6105,9
6106,10
6107,3
6108,4
6109,6
6110,2
6111,2
6112,4
6113,2
6114,9
6115,10
6116,5
6117,4
6118,3
6119,4
6120,4
6121,4
6122,0
6123,6
6124,3
6125,2
6126,6
6127,0
6128,4
6129,2
6130,3
6131,3
6132,3
6133,1
6134,4
6135,4
6136,8
6137,4
6138,2
6139,6
6140,6
6141,1
6142,3
6143,5
6144,4
6145,0
6146,5
6147,5
6148,4
6149,8
6150,8
6151,3
6152,1
6153,9
6154,6
6155,3
6156,9
6157,9
6158,8
6159,3
6160,9
6161,4
6162,10
6163,9
6164,0
6165,7
6166,0
6167,7
6168,6
6169,4
6170,5
6171,0
6172,4
6173,2
6174,3
6175,6
6176,5
6177,10
6178,9
6179,5
6180,4
6181,6
6182,8
6183,4
6184,3
6185,10
6186,4
6187,0
6188,4
6189,4
6190,0
6191,9
6192,10
6193,4
6194,6
6195,1
6196,4
6197,9
6198,10
6199,10
6200,0
6201,0
6202,8
6203,2
6204,4
6205,9
6206,3
6207,9
6208,5
6209,5
6210,3
6211,0
6212,4
6213,2
6214,3
6215,1
6216,3
6217,6
6218,4
6219,3
6220,0
6221,2
6222,6
6223,7
6224,4
6225,7
6226,7
6227,7
6228,7
6229,7
6230,10
6231,7
6232,2
6233,6
6234,2
6235,4
6236,4
6237,7
6238,2
6239,1
6240,3
6241,1
6242,6
6243,5
6244,4
6245,4
6246,8
6247,0
6248,3
6249,10
6250,4
6251,3
6252,4
6253,8
6254,1
6255,1
6256,5
6257,8
6258,0
6259,3
6260,6
6261,4
6262,4
6263,6
6264,5
6265,4
6266,3
6267,8
6268,8
6269,0
6270,5
6271,4
6272,5
6273,9
6274,10
6275,3
6276,6
6277,4
6278,0
6279,9
6280,9
6281,9
6282,5
6283,3
6284,9
6285,1
6286,4
6287,4
6288,5
6289,8
6290,0
6291,5
6292,3
6293,7
6294,8
6295,3
6296,2
6297,3
6298,7
6299,7
6300,10
6301,1
6302,4
6303,4
6304,6
6305,3
6306,6
6307,4
6308,1
6309,4
6310,3
6311,0
6312,1
6313,1
6314,10
6315,4
6316,4
6317,3
6318,0
6319,9
6320,1
6321,9
6322,9
6323,0
6324,0
6325,10
6326,1
6327,1
6328,6
6329,3
6330,2
6331,8
6332,8
6333,10
6334,0
6335,5
6336,5
6337,1
6338,3
6339,4
6340,4
6341,1
6342,3
6343,4
6344,6
6345,4
6346,4
6347,5
6348,10
6349,1
6350,4
6351,1
6352,8
6353,5
6354,3
6355,0
6356,3
6357,3
6358,7
6359,5
6360,10
6361,6
6362,5
6363,3
6364,1
6365,5
6366,3
6367,1
6368,8
6369,3
6370,4
6371,1
6372,3
6373,2
6374,3
6375,9
6376,8
6377,1
6378,5
6379,3
6380,3
6381,8
6382,6
6383,3
6384,0
6385,4
6386,0
6387,4
6388,9
6389,9
6390,0
6391,7
6392,10
6393,8
6394,0
6395,2
6396,4
6397,4
6398,3
6399,3
6400,3
6401,5
6402,1
6403,3
6404,4
6405,3
6406,4
6407,1
6408,4
6409,6
6410,7
6411,1
6412,1
6413,3
6414,8
6415,5
6416,3
6417,0
6418,4
6419,4
6420,3
6421,3
6422,2
6423,3
6424,5
6425,6
6426,0
6427,6
6428,1
6429,4
6430,4
6431,1
6432,1
6433,6
6434,3
6435,0
6436,4
6437,5
6438,6
6439,4
6440,6
6441,4
6442,9
6443,3
6444,4
6445,0
6446,3
6447,8
6448,10
6449,7
6450,7
6451,4
6452,0
6453,9
6454,3
6455,7
6456,7
6457,4
6458,3
6459,9
6460,2
6461,4
6462,4
6463,4
6464,5
6465,9
6466,8
6467,9
6468,3
6469,4
6470,5
6471,4
6472,10
6473,4
6474,9
6475,4
6476,4
6477,5
6478,3
6479,8
6480,1
6481,0
6482,4
6483,1
6484,9
6485,0
6486,10
6487,3
6488,5
6489,1
6490,2
6491,1
6492,9
6493,4
6494,2
6495,9
6496,3
6497,8
6498,10
6499,6
6500,4
6501,9
6502,9
6503,4
6504,6
6505,1
6506,0
6507,7
6508,5
6509,3
6510,4
6511,0
6512,4
6513,5
6514,3
6515,4
6516,8
6517,4
6518,0
6519,8
6520,9
6521,3
6522,0
6523,8
6524,4
6525,6
6526,5
6527,6
6528,4
6529,0
6530,1
6531,5
6532,9
6533,4
6534,10
6535,9
6536,3
6537,4
6538,3
6539,0
6540,1
6541,4
6542,3
6543,4
6544,0
6545,2
6546,0
6547,10
6548,4
6549,5
6550,2
6551,4
6552,1
6553,8
6554,10
6555,4
6556,6
6557,1
6558,8
6559,3
6560,9
6561,0
6562,4
6563,8
6564,3
6565,5
6566,5
6567,2
6568,9
6569,5
6570,9
6571,3
6572,4
6573,4
6574,9
6575,4
6576,3
6577,4
6578,3
6579,9
6580,6
6581,9
6582,0
6583,7
6584,0
6585,4
6586,1
6587,4
6588,4
6589,4
6590,3
6591,3
6592,4
6593,4
6594,2
6595,5
6596,10
6597,10
6598,5
6599,5
6600,7
6601,10
6602,0
6603,10
6604,2
6605,3
6606,0
6607,1
6608,2
6609,10
6610,4
6611,7
6612,7
6613,10
6614,9
6615,1
6616,4
6617,4
6618,5
6619,4
6620,3
6621,5
6622,9
6623,3
6624,4
6625,9
6626,9
6627,6
6628,3
6629,5
6630,9
6631,5
6632,1
6633,1
6634,1
6635,4
6636,4
6637,0
6638,9
6639,10
6640,1
6641,1
6642,5
6643,4
6644,1
6645,4
6646,8
6647,10
6648,1
6649,5
6650,7
6651,4
6652,6
6653,9
6654,3
6655,10
6656,1
6657,3
6658,9
6659,4
6660,6
6661,2
6662,4
6663,3
6664,9
6665,4
6666,1
6667,3
6668,8
6669,4
6670,1
6671,0
6672,0
6673,4
6674,6
6675,6
6676,5
6677,3
6678,3
6679,0
6680,4
6681,3
6682,5
6683,3
6684,5
6685,6
6686,4
6687,4
6688,8
6689,4
6690,4
6691,0
6692,10
6693,0
6694,3
6695,4
6696,0
6697,8
6698,6
6699,4
6700,8
6701,10
6702,5
6703,5
6704,10
6705,2
6706,4
6707,4
6708,5
6709,9
6710,5
6711,5
6712,4
6713,2
6714,7
6715,9
6716,5
6717,10
6718,4
6719,1
6720,1
6721,2
6722,4
6723,9
6724,1
6725,1
6726,4
6727,9
6728,9
6729,4
6730,4
6731,3
6732,5
6733,5
6734,4
6735,4
6736,9
6737,5
6738,5
6739,4
6740,3
6741,5
6742,3
6743,5
6744,3
6745,7
6746,7
6747,3
6748,5
6749,3
6750,4
6751,3
6752,9
6753,4
6754,5
6755,6
6756,9
6757,0
6758,8
6759,10
6760,3
6761,9
6762,5
6763,1
6764,2
6765,4
6766,10
6767,5
6768,4
6769,7
6770,4
6771,5
6772,6
6773,1
6774,2
6775,1
6776,3
6777,5
6778,10
6779,9
6780,2
6781,7
6782,5
6783,7
6784,1
6785,10
6786,1
6787,9
6788,3
6789,1
6790,10
6791,3
6792,4
6793,4
6794,2
6795,1
6796,1
6797,3
6798,4
6799,2
6800,4
6801,6
6802,2
6803,2
6804,3
6805,5
6806,3
6807,4
6808,3
6809,3
6810,0
6811,3
6812,8
6813,6
6814,0
6815,3
6816,4
6817,6
6818,6
6819,5
6820,0
6821,9
6822,9
6823,6
6824,10
6825,5
6826,1
6827,4
6828,2
6829,4
6830,3
6831,4
6832,3
6833,2
6834,4
6835,5
6836,0
6837,5
6838,4
6839,2
6840,9
6841,6
6842,4
6843,5
6844,1
6845,1
6846,6
6847,4
6848,1
6849,7
6850,4
6851,5
6852,5
6853,6
6854,4
6855,9
6856,9
6857,5
6858,4
6859,10
6860,3
6861,8
6862,5
6863,3
6864,1
6865,5
6866,9
6867,2
6868,9
6869,5
6870,4
6871,3
6872,9
6873,4
6874,4
6875,3
6876,7
6877,1
6878,3
6879,7
6880,7
6881,7
6882,4
6883,3
6884,3
6885,3
6886,6
6887,3
6888,8
6889,5
6890,1
6891,3
6892,4
6893,4
6894,1
6895,9
6896,4
6897,6
6898,10
6899,9
6900,5
6901,9
6902,5
6903,1
6904,8
6905,5
6906,5
6907,0
6908,4
6909,4
6910,4
6911,0
6912,8
6913,2
6914,4
6915,4
6916,3
6917,0
6918,6
6919,10
6920,5
6921,9
6922,0
6923,2
6924,10
6925,6
6926,8
6927,5
6928,0
6929,10
6930,4
6931,3
6932,2
6933,0
6934,9
6935,4
6936,4
6937,8
6938,9
6939,3
6940,2
6941,3
6942,3
6943,10
6944,4
6945,0
6946,4
6947,4
6948,3
6949,7
6950,0
6951,0
6952,2
6953,5
6954,7
6955,4
6956,4
6957,9
6958,1
6959,4
6960,1
6961,4
6962,8
6963,10
6964,1
6965,10
6966,3
6967,5
6968,4
6969,1
6970,10
6971,4
6972,3
6973,3
6974,5
6975,9
6976,9
6977,9
6978,3
6979,3
6980,6
6981,0
6982,5
6983,3
6984,4
6985,0
6986,9
6987,3
6988,0
6989,3
6990,6
6991,1
6992,9
6993,6
6994,1
6995,6
6996,4
6997,1
6998,9
6999,0
7000,9
7001,6
7002,4
7003,5
7004,9
7005,3
7006,5
7007,9
7008,9
7009,0
7010,9
7011,9
7012,4
7013,4
7014,4
7015,4
7016,7
7017,1
7018,9
7019,4
7020,2
7021,0
7022,0
7023,1
7024,3
7025,4
7026,9
7027,1
7028,5
7029,4
7030,10
7031,3
7032,9
7033,5
7034,4
7035,8
7036,4
7037,4
7038,5
7039,2
7040,4
7041,5
7042,3
7043,9
7044,9
7045,9
7046,4
7047,5
7048,8
7049,2
7050,1
7051,6
7052,8
7053,5
7054,4
7055,0
7056,9
7057,1
7058,9
7059,1
7060,4
7061,9
7062,8
7063,2
7064,0
7065,10
7066,10
7067,10
7068,6
7069,6
7070,4
7071,3
7072,9
7073,4
7074,2
7075,4
7076,1
7077,4
7078,0
7079,4
7080,4
7081,0
7082,4
7083,3
7084,1
7085,0
7086,2
7087,4
7088,10
7089,4
7090,0
7091,4
7092,4
7093,4
7094,1
7095,8
7096,4
7097,1
7098,1
7099,2
7100,4
7101,1
7102,5
7103,10
7104,9
7105,0
7106,0
7107,10
7108,10
7109,8
7110,3
7111,0
7112,4
7113,10
7114,7
7115,5
7116,3
7117,9
7118,5
7119,10
7120,6
7121,0
7122,1
7123,1
7124,6
7125,3
7126,4
7127,0
7128,10
7129,0
7130,10
7131,6
7132,0
7133,10
7134,5
7135,3
7136,5
7137,10
7138,3
7139,8
7140,4
7141,5
7142,3
7143,9
7144,9
7145,1
7146,6
7147,10
7148,6
7149,5
7150,10
7151,4
7152,5
7153,1
7154,6
7155,0
7156,4
7157,6
7158,2
7159,5
7160,1
7161,6
7162,9
7163,5
7164,5
7165,5
7166,1
7167,2
7168,3
7169,6
7170,1
7171,5
7172,1
7173,4
7174,5
7175,2
7176,5
7177,5
7178,10
7179,10
7180,5
7181,2
7182,9
7183,5
7184,3
7185,1
7186,9
7187,0
7188,10
7189,3
7190,5
7191,1
7192,9
7193,2
7194,3
7195,6
7196,1
7197,3
7198,4
7199,1
7200,1
7201,8
7202,0
7203,4
7204,6
7205,3
7206,9
7207,4
7208,3
7209,4
7210,8
7211,0
7212,0
7213,2
7214,7
7215,0
7216,9
7217,0
7218,7
7219,3
7220,4
7221,8
7222,9
7223,4
7224,5
7225,4
7226,3
7227,5
7228,3
7229,3
7230,9
7231,4
7232,4
7233,6
7234,9
7235,4
7236,5
7237,4
7238,4
7239,6
7240,1
7241,5
7242,1
7243,9
7244,2
7245,0
7246,2
7247,9
7248,6
7249,9
7250,9
7251,1
7252,3
7253,3
7254,4
7255,8
7256,2
7257,2
7258,0
7259,1
7260,0
7261,7
7262,5
7263,8
7264,9
7265,2
7266,2
7267,6
7268,0
7269,0
7270,3
7271,3
7272,0
7273,10
7274,4
7275,10
7276,4
7277,6
7278,10
7279,10
7280,10
7281,8
7282,8
7283,1
7284,10
7285,8
7286,4
7287,10
7288,4
7289,4
7290,10
7291,8
7292,10
7293,2
7294,0
7295,4
7296,5
7297,1
7298,0
7299,9
7300,0
7301,5
7302,5
7303,3
7304,0
7305,0
7306,3
7307,0
7308,4
7309,9
7310,4
7311,9
7312,0
7313,5
7314,0
7315,2
7316,0
7317,4
7318,2
7319,8
7320,8
7321,0
7322,0
7323,3
7324,7
7325,4
7326,3
7327,9
7328,1
7329,4
7330,9
7331,3
7332,8
7333,8
7334,0
7335,5
7336,7
7337,4
7338,6
7339,10
7340,10
7341,4
7342,1
7343,3
7344,8
7345,7
7346,0
7347,4
7348,9
7349,1
7350,1
7351,3
7352,4
7353,3
7354,5
7355,1
7356,1
7357,0
7358,4
7359,7
7360,10
7361,7
7362,7
7363,7
7364,1
7365,1
7366,3
7367,7
7368,7
7369,7
7370,4
7371,3
7372,4
7373,5
7374,0
7375,4
7376,0
7377,8
7378,10
7379,8
7380,2
7381,4
7382,8
7383,10
7384,8
7385,8
7386,4
7387,4
7388,3
7389,1
7390,4
7391,4
7392,1
7393,4
7394,8
7395,10
7396,1
7397,1
7398,4
7399,1
7400,2
7401,9
7402,7
7403,4
7404,4
7405,0
7406,2
7407,7
7408,10
7409,4
7410,0
7411,8
7412,0
7413,2
7414,1
7415,1
7416,2
7417,10
7418,5
7419,2
7420,2
7421,9
7422,4
7423,5
7424,9
7425,1
7426,5
7427,9
7428,8
7429,4
7430,1
7431,10
7432,5
7433,9
7434,0
7435,5
7436,3
7437,5
7438,4
7439,3
7440,5
7441,2
7442,0
7443,6
7444,3
7445,10
7446,2
7447,4
7448,1
7449,4
7450,10
7451,10
7452,10
7453,3
7454,4
7455,6
7456,0
7457,4
7458,3
7459,0
7460,6
7461,9
7462,5
7463,10
7464,10
7465,4
7466,4
7467,0
7468,4
7469,5
7470,6
7471,6
7472,4
7473,3
7474,9
7475,0
7476,4
7477,4
7478,4
7479,10
7480,10
7481,10
7482,8
7483,1
7484,4
7485,4
7486,2
7487,4
7488,4
7489,4
7490,9
7491,5
7492,3
7493,4
7494,7
7495,3
7496,2
7497,0
7498,9
7499,2
7500,7
7501,4
7502,7
7503,4
7504,8
7505,7
7506,5
7507,3
7508,7
7509,0
7510,10
7511,8
7512,4
7513,1
7514,3
7515,5
7516,9
7517,5
7518,7
7519,4
7520,0
7521,7
7522,4
7523,4
7524,10
7525,1
7526,10
7527,1
7528,5
7529,3
7530,1
7531,8
7532,8
7533,9
7534,4
7535,4
7536,0
7537,4
7538,0
7539,5
7540,5
7541,5
7542,1
7543,10
7544,5
7545,5
7546,8
7547,9
7548,1
7549,10
7550,5
7551,1
7552,10
7553,6
7554,3
7555,9
7556,4
7557,8
7558,6
7559,0
7560,4
7561,0
7562,8
7563,10
7564,3
7565,5
7566,5
7567,5
7568,2
7569,8
7570,9
7571,4
7572,3
7573,4
7574,4
7575,9
7576,5
7577,9
7578,3
7579,4
7580,5
7581,5
7582,0
7583,9
7584,3
7585,3
7586,4
7587,3
7588,2
7589,5
7590,3
7591,0
7592,3
7593,2
7594,9
7595,5
7596,10
7597,5
7598,6
7599,5
7600,4
7601,4
7602,4
7603,3
7604,5
7605,4
7606,5
7607,5
7608,5
7609,2
7610,4
7611,3
7612,10
7613,5
7614,10
7615,4
7616,0
7617,2
7618,5
7619,5
7620,4
7621,9
7622,0
7623,3
7624,1
7625,5
7626,5
7627,0
7628,0
7629,0
7630,0
7631,2
7632,5
7633,3
7634,0
7635,7
7636,1
7637,5
7638,2
7639,7
7640,4
7641,9
7642,8
7643,7
7644,9
7645,8
7646,2
7647,1
7648,9
7649,3
7650,4
7651,3
7652,4
7653,8
7654,4
7655,9
7656,4
7657,2
7658,2
7659,2
7660,7
7661,5
7662,3
7663,7
7664,7
7665,5
7666,2
7667,3
7668,5
7669,3
7670,6
7671,5
7672,6
7673,6
7674,5
7675,9
7676,9
7677,10
7678,1
7679,5
7680,4
7681,7
7682,5
7683,4
7684,9
7685,6
7686,2
7687,10
7688,7
7689,5
7690,9
7691,2
7692,2
7693,7
7694,0
7695,9
7696,4
7697,3
7698,7
7699,4
7700,4
7701,0
7702,5
7703,2
7704,6
7705,10
7706,5
7707,2
7708,8
7709,10
7710,3
7711,5
7712,5
7713,3
7714,0
7715,8
7716,4
7717,4
7718,9
7719,4
7720,0
7721,0
7722,5
7723,7
7724,4
7725,0
7726,7
7727,4
7728,1
7729,10
7730,9
7731,9
7732,6
7733,8
7734,3
7735,5
7736,4
7737,2
7738,10
7739,9
7740,5
7741,8
7742,10
7743,4
7744,0
7745,3
7746,10
7747,2
7748,7
7749,3
7750,5
7751,4
7752,9
7753,9
7754,4
7755,3
7756,3
7757,4
7758,5
7759,4
7760,2
7761,5
7762,3
7763,3
7764,4
7765,5
7766,3
7767,2
7768,0
7769,3
7770,2
7771,1
7772,0
7773,1
7774,3
7775,4
7776,0
7777,4
7778,3
7779,7
7780,3
7781,3
7782,1
7783,2
7784,0
7785,4
7786,3
7787,8
7788,7
7789,7
7790,0
7791,2
7792,7
7793,7
7794,3
7795,1
7796,0
7797,3
7798,4
7799,1
7800,8
7801,7
7802,7
7803,7
7804,5
7805,8
7806,9
7807,0
7808,0
7809,4
7810,8
7811,5
7812,2
7813,8
7814,6
7815,4
7816,3
7817,2
7818,10
7819,5
7820,10
7821,0
7822,3
7823,5
7824,4
7825,6
7826,9
7827,3
7828,0
7829,0
7830,9
7831,7
7832,6
7833,3
7834,3
7835,7
7836,3
7837,5
7838,3
7839,3
7840,3
7841,9
7842,5
7843,5
7844,4
7845,4
7846,5
7847,5
7848,8
7849,5
7850,4
7851,4
7852,3
7853,5
7854,3
7855,3
7856,4
7857,9
7858,8
7859,3
7860,4
7861,4
7862,8
7863,9
7864,3
7865,8
7866,9
7867,5
7868,5
7869,10
7870,10
7871,0
7872,4
7873,4
7874,4
7875,5
7876,5
7877,8
7878,3
7879,8
7880,4
7881,8
7882,3
7883,3
7884,2
7885,5
7886,3
7887,4
7888,9
7889,8
7890,3
7891,5
7892,8
7893,5
7894,5
7895,5
7896,4
7897,1
7898,9
7899,3
7900,4
7901,3
7902,3
7903,5
7904,7
7905,4
7906,3
7907,1
7908,8
7909,10
7910,5
7911,3
7912,3
7913,10
7914,5
7915,10
7916,4
7917,3
7918,4
7919,9
7920,2
7921,3
7922,5
7923,3
7924,9
7925,9
7926,2
7927,2
7928,2
7929,3
7930,2
7931,8
7932,2
7933,2
7934,4
7935,5
7936,2
7937,5
7938,2
7939,2
7940,9
7941,10
7942,2
7943,8
7944,6
7945,9
7946,4
7947,3
7948,4
7949,4
7950,4
7951,5
7952,4
7953,3
7954,2
7955,3
7956,3
7957,9
7958,4
7959,5
7960,3
7961,3
7962,10
7963,4
7964,4
7965,8
7966,4
7967,4
7968,5
7969,9
7970,9
7971,3
7972,3
7973,4
7974,8
7975,5
7976,4
7977,5
7978,5
7979,5
7980,9
7981,4
7982,5
7983,8
7984,8
7985,5
7986,10
7987,6
7988,6
7989,2
7990,4
7991,3
7992,3
7993,3
7994,6
7995,1
7996,7
7997,1
7998,7
7999,2
8000,4
8001,1
8002,7
8003,4
8004,2
8005,0
8006,4
8007,0
8008,10
8009,3
8010,6
8011,4
8012,1
8013,6
8014,7
8015,10
8016,1
8017,2
8018,6
8019,3
8020,6
8021,4
8022,6
8023,8
8024,6
8025,4
8026,3
8027,9
8028,4
8029,10
8030,0
8031,0
8032,6
8033,4
8034,1
8035,9
8036,4
8037,2
8038,4
8039,0
8040,4
8041,6
8042,0
8043,6
8044,4
8045,9
8046,3
8047,10
8048,0
8049,4
8050,0
8051,1
8052,3
8053,5
8054,9
8055,3
8056,6
8057,4
8058,6
8059,4
8060,8
8061,2
8062,3
8063,4
8064,4
8065,4
8066,5
8067,5
8068,1
8069,5
8070,7
8071,2
8072,9
8073,5
8074,7
8075,7
8076,5
8077,5
8078,5
8079,7
8080,5
8081,7
8082,5
8083,4
8084,7
8085,7
8086,3
8087,1
8088,3
8089,5
8090,7
8091,5
8092,10
8093,3
8094,8
8095,1
8096,4
8097,5
8098,7
8099,2
8100,7
8101,7
8102,1
8103,5
8104,7
8105,3
8106,1
8107,3
8108,6
8109,4
8110,2
8111,2
8112,7
8113,2
8114,5
8115,5
8116,2
8117,3
8118,2
8119,3
8120,9
8121,9
8122,3
8123,8
8124,0
8125,10
8126,5
8127,5
8128,8
8129,9
8130,2
8131,5
8132,2
8133,2
8134,3
8135,3
8136,3
8137,7
8138,3
8139,4
8140,2
8141,6
8142,2
8143,2
8144,9
8145,6
8146,9
8147,4
8148,9
8149,4
8150,9
8151,2
8152,8
8153,5
8154,9
8155,5
8156,3
8157,5
8158,3
8159,9
8160,7
8161,9
8162,9
8163,9
8164,3
8165,3
8166,9
8167,2
8168,3
8169,3
8170,5
8171,4
8172,8
8173,10
8174,2
8175,1
8176,4
8177,4
8178,9
8179,3
8180,9
8181,6
8182,9
8183,5
8184,8
8185,7
8186,3
8187,3
8188,9
8189,3
8190,5
8191,0
8192,4
8193,3
8194,4
8195,5
8196,0
8197,10
8198,0
8199,9
8200,1
8201,0
8202,9
8203,2
8204,10
8205,3
8206,5
8207,5
8208,4
8209,9
8210,9
8211,7
8212,1
8213,5
8214,5
8215,1
8216,5
8217,4
8218,6
8219,0
8220,2
8221,2
8222,7
8223,2
8224,4
8225,7
8226,6
8227,0
8228,4
8229,1
8230,2
8231,4
8232,2
8233,0
8234,9
8235,6
8236,4
8237,4
8238,6
8239,4
8240,6
8241,2
8242,2
8243,0
8244,2
8245,4
8246,4
8247,4
8248,8
8249,10
8250,5
8251,4
8252,7
8253,1
8254,6
8255,1
8256,2
8257,1
8258,6
8259,9
8260,6
8261,5
8262,1
8263,2
8264,1
8265,5
8266,0
8267,9
8268,5
8269,1
8270,6
8271,10
8272,0
8273,7
8274,8
8275,6
8276,7
8277,8
8278,3
8279,10
8280,10
8281,3
8282,9
8283,9
8284,3
8285,3
8286,5
8287,4
8288,1
8289,7
8290,6
8291,4
8292,2
8293,3
8294,8
8295,5
8296,8
8297,0
8298,4
8299,6
8300,6
8301,8
8302,2
8303,4
8304,3
8305,3
8306,2
8307,3
8308,9
8309,10
8310,10
8311,1
8312,1
8313,4
8314,10
8315,8
8316,1
8317,9
8318,3
8319,9
8320,1
8321,0
8322,4
8323,6
8324,7
8325,3
8326,7
8327,5
8328,5
8329,1
8330,4
8331,4
8332,4
8333,5
8334,4
8335,4
8336,2
8337,4
8338,1
8339,7
8340,4
8341,4
8342,10
8343,1
8344,1
8345,2
8346,9
8347,1
8348,3
8349,1
8350,4
8351,7
8352,7
8353,1
8354,7
8355,1
8356,7
8357,3
8358,7
8359,1
8360,7
8361,4
8362,4
8363,4
8364,7
8365,5
8366,7
8367,5
8368,5
8369,5
8370,7
8371,0
8372,9
8373,1
8374,0
8375,5
8376,0
8377,3
8378,1
8379,4
8380,3
8381,9
8382,2
8383,2
8384,4
8385,4
8386,1
8387,5
8388,8
8389,10
8390,1
8391,10
8392,6
8393,9
8394,3
8395,6
8396,4
8397,7
8398,5
8399,4
8400,4
8401,0
8402,0
8403,5
8404,1
8405,9
8406,5
8407,0
8408,0
8409,5
8410,4
8411,10
8412,4
8413,4
8414,4
8415,2
8416,9
8417,4
8418,10
8419,10
8420,2
8421,5
8422,2
8423,2
8424,2
8425,4
8426,7
8427,8
8428,9
8429,2
8430,2
8431,2
8432,4
8433,3
8434,4
8435,4
8436,0
8437,6
8438,2
8439,2
8440,4
8441,10
8442,0
8443,4
8444,3
8445,5
8446,3
8447,5
8448,10
8449,4
8450,5
8451,4
8452,9
8453,10
8454,3
8455,5
8456,1
8457,0
8458,3
8459,10
8460,4
8461,1
8462,4
8463,8
8464,6
8465,1
8466,4
8467,1
8468,0
8469,1
8470,4
8471,0
8472,7
8473,7
8474,2
8475,4
8476,2
8477,3
8478,3
8479,0
8480,0
8481,0
8482,2
8483,4
8484,8
8485,2
8486,4
8487,4
8488,4
8489,9
8490,5
8491,5
8492,3
8493,9
8494,4
8495,10
8496,9
8497,1
8498,4
8499,4
8500,6
8501,5
8502,3
8503,8
8504,3
8505,3
8506,1
8507,3
8508,3
8509,3
8510,3
8511,3
8512,3
8513,5
8514,3
8515,7
8516,3
8517,8
8518,3
8519,7
8520,4
8521,7
8522,10
8523,9
8524,2
8525,1
8526,2
8527,10
8528,2
8529,2
8530,1
8531,10
8532,2
8533,2
8534,5
8535,2
8536,1
8537,8
8538,8
8539,10
8540,7
8541,10
8542,10
8543,2
8544,10
8545,3
8546,10
8547,4
8548,2
8549,10
8550,7
8551,2
8552,7
8553,7
8554,6
8555,8
8556,7
8557,9
8558,2
8559,6
8560,6
8561,10
8562,4
8563,0
8564,4
8565,4
8566,2
8567,1
8568,2
8569,2
8570,3
8571,2
8572,9
8573,5
8574,9
8575,2
8576,2
8577,4
8578,9
8579,0
8580,4
8581,8
8582,4
8583,3
8584,2
8585,6
8586,2
8587,2
8588,3
8589,3
8590,3
8591,3
8592,9
8593,3
8594,4
8595,0
8596,3
8597,4
8598,2
8599,10
8600,9
8601,1
8602,1
8603,0
8604,1
8605,4
8606,5
8607,8
8608,4
8609,5
8610,8
8611,7
8612,5
8613,5
8614,9
8615,1
8616,10
8617,10
8618,5
8619,8
8620,1
8621,10
8622,5
8623,10
8624,10
8625,7
8626,4
8627,2
8628,5
8629,7
8630,5
8631,6
8632,2
8633,0
8634,7
8635,1
8636,4
8637,7
8638,2
8639,7
8640,10
8641,7
8642,1
8643,9
8644,7
8645,7
8646,3
8647,3
8648,6
8649,7
8650,2
8651,0
8652,10
8653,4
8654,0
8655,7
8656,0
8657,3
8658,7
8659,6
8660,7
8661,7
8662,4
8663,9
8664,7
8665,9
8666,7
8667,0
8668,7
8669,7
8670,7
8671,3
8672,7
8673,4
8674,3
8675,5
8676,4
8677,7
8678,0
8679,2
8680,1
8681,9
8682,5
8683,7
8684,7
8685,9
8686,5
8687,3
8688,7
8689,10
8690,0
8691,5
8692,4
8693,7
8694,1
8695,4
8696,9
8697,7
8698,0
8699,4
8700,7
8701,4
8702,7
8703,10
8704,4
8705,7
8706,1
8707,1
8708,7
8709,9
8710,4
8711,5
8712,4
8713,3
8714,1
8715,1
8716,1
8717,3
8718,1
8719,7
8720,5
8721,4
8722,4
8723,3
8724,3
8725,1
8726,3
8727,6
8728,0
8729,1
8730,0
8731,0
8732,0
8733,4
8734,3
8735,0
8736,0
8737,0
8738,10
8739,10
8740,5
8741,9
8742,0
8743,9
8744,1
8745,9
8746,4
8747,4
8748,9
8749,0
8750,6
8751,1
8752,9
8753,1
8754,1
8755,8
8756,3
8757,9
8758,4
8759,9
8760,4
8761,4
8762,3
8763,4
8764,8
8765,4
8766,3
8767,10
8768,10
8769,4
8770,10
8771,6
8772,9
8773,5
8774,4
8775,7
8776,10
8777,7
8778,7
8779,2
8780,8
8781,0
8782,4
8783,2
8784,4
8785,2
8786,3
8787,4
8788,1
8789,2
8790,0
8791,10
8792,10
8793,2
8794,2
8795,2
8796,9
8797,2
8798,1
8799,5
8800,3
8801,2
8802,9
8803,3
8804,9
8805,9
8806,10
8807,2
8808,3
8809,8
8810,2
8811,5
8812,3
8813,0
8814,6
8815,1
8816,4
8817,5
8818,4
8819,4
8820,3
8821,2
8822,6
8823,7
8824,7
8825,6
8826,7
8827,3
8828,7
8829,8
8830,5
8831,10
8832,6
8833,9
8834,4
8835,9
8836,0
8837,10
8838,4
8839,0
8840,0
8841,10
8842,5
8843,2
8844,8
8845,4
8846,0
8847,0
8848,5
8849,5
8850,4
8851,4
8852,4
8853,2
8854,4
8855,4
8856,6
8857,9
8858,4
8859,4
8860,4
8861,5
8862,10
8863,8
8864,10
8865,2
8866,2
8867,9
8868,3
8869,4
8870,8
8871,10
8872,8
8873,1
8874,4
8875,1
8876,0
8877,1
8878,3
8879,0
8880,0
8881,2
8882,10
8883,6
8884,2
8885,5
8886,10
8887,5
8888,5
8889,5
8890,2
8891,3
8892,2
8893,10
8894,4
8895,10
8896,0
8897,10
8898,3
8899,10
8900,1
8901,5
8902,1
8903,4
8904,1
8905,4
8906,10
8907,3
8908,5
8909,3
8910,1
8911,8
8912,3
8913,1
8914,2
8915,2
8916,10
8917,2
8918,6
8919,4
8920,3
8921,10
8922,4
8923,10
8924,1
8925,10
8926,5
8927,0
8928,5
8929,4
8930,4
8931,5
8932,6
8933,2
8934,2
8935,10
8936,10
8937,6
8938,9
8939,2
8940,2
8941,4
8942,4
8943,0
8944,5
8945,9
8946,5
8947,0
8948,1
8949,1
8950,2
8951,4
8952,1
8953,6
8954,2
8955,9
8956,10
8957,2
8958,3
8959,6
8960,4
8961,4
8962,0
8963,6
8964,1
8965,9
8966,2
8967,5
8968,0
8969,8
8970,3
8971,4
8972,3
8973,3
8974,0
8975,3
8976,2
8977,2
8978,6
8979,6
8980,8
8981,0
8982,9
8983,0
8984,2
8985,6
8986,6
8987,6
8988,0
8989,4
8990,2
8991,10
8992,10
8993,4
8994,4
8995,2
8996,3
8997,5
8998,3
8999,6
9000,3
9001,2
9002,6
9003,10
9004,6
9005,3
9006,4
9007,9
9008,9
9009,2
9010,2
9011,5
9012,3
9013,3
9014,4
9015,3
9016,3
9017,1
9018,5
9019,7
9020,1
9021,3
9022,3
9023,2
9024,10
9025,3
9026,9
9027,9
9028,7
9029,6
9030,0
9031,1
9032,10
9033,6
9034,4
9035,4
9036,9
9037,10
9038,1
9039,10
9040,3
9041,4
9042,4
9043,1
9044,5
9045,8
9046,10
9047,0
9048,5
9049,0
9050,3
9051,5
9052,4
9053,2
9054,8
9055,4
9056,9
9057,5
9058,5
9059,4
9060,5
9061,9
9062,8
9063,3
9064,0
9065,0
9066,10
9067,5
9068,0
9069,3
9070,9
9071,7
9072,2
9073,5
9074,9
9075,8
9076,5
9077,2
9078,9
9079,5
9080,9
9081,1
9082,4
9083,2
9084,8
9085,4
9086,2
9087,0
9088,8
9089,8
9090,0
9091,2
9092,9
9093,0
9094,8
9095,9
9096,9
9097,4
9098,2
9099,4
9100,5
9101,4
9102,5
9103,3
9104,4
9105,9
9106,1
9107,5
9108,5
9109,5
9110,3
9111,5
9112,3
9113,2
9114,6
9115,6
9116,9
9117,1
9118,5
9119,2
9120,8
9121,2
9122,8
9123,5
9124,1
9125,3
9126,6
9127,0
9128,4
9129,2
9130,4
9131,5
9132,0
9133,0
9134,8
9135,10
9136,3
9137,9
9138,9
9139,10
9140,10
9141,2
9142,3
9143,0
9144,8
9145,2
9146,9
9147,8
9148,1
9149,4
9150,10
9151,3
9152,2
9153,8
9154,6
9155,1
9156,3
9157,9
9158,9
9159,5
9160,2
9161,0
9162,0
9163,6
9164,2
9165,10
9166,9
9167,5
9168,3
9169,2
9170,3
9171,4
9172,0
9173,3
9174,0
9175,5
9176,4
9177,4
9178,3
9179,0
9180,6
9181,5
9182,4
9183,6
9184,10
9185,4
9186,9
9187,9
9188,0
9189,10
9190,10
9191,5
9192,10
9193,3
9194,6
9195,0
9196,2
9197,2
9198,9
9199,4
9200,9
9201,9
9202,9
9203,9
9204,2
9205,1
9206,0
9207,9
9208,1
9209,10
9210,9
9211,2
9212,2
9213,1
9214,9
9215,9
9216,6
9217,9
9218,4
9219,5
9220,0
9221,2
9222,4
9223,3
9224,6
9225,9
9226,0
9227,8
9228,4
9229,4
9230,9
9231,9
9232,9
9233,10
9234,9
9235,5
9236,9
9237,8
9238,3
9239,4
9240,0
9241,0
9242,0
9243,2
9244,0
9245,5
9246,9
9247,4
9248,4
9249,2
9250,4
9251,3
9252,2
9253,9
9254,6
9255,5
9256,8
9257,8
9258,9
9259,5
9260,3
9261,5
9262,9
9263,4
9264,4
9265,1
9266,5
9267,9
9268,5
9269,3
9270,4
9271,5
9272,4
9273,2
9274,4
9275,10
9276,4
9277,2
9278,4
9279,6
9280,10
9281,0
9282,10
9283,9
9284,9
9285,4
9286,2
9287,2
9288,2
9289,10
9290,0
9291,1
9292,10
9293,0
9294,5
9295,5
9296,9
9297,0
9298,9
9299,9
9300,9
9301,4
9302,0
9303,2
9304,2
9305,5
9306,1
9307,9
9308,9
9309,4
9310,9
9311,10
9312,4
9313,2
9314,5
9315,8
9316,5
9317,10
9318,4
9319,9
9320,10
9321,10
9322,1
9323,9
9324,3
9325,3
9326,3
9327,0
9328,5
9329,5
9330,5
9331,8
9332,5
9333,2
9334,4
9335,0
9336,4
9337,4
9338,8
9339,3
9340,5
9341,5
9342,9
9343,3
9344,5
9345,8
9346,8
9347,5
9348,2
9349,5
9350,4
9351,3
9352,8
9353,9
9354,0
9355,5
9356,5
9357,5
9358,5
9359,6
9360,4
9361,4
9362,4
9363,4
9364,0
9365,4
9366,2
9367,5
9368,3
9369,0
9370,2
9371,10
9372,10
9373,2
9374,2
9375,10
9376,10
9377,9
9378,4
9379,8
9380,3
9381,10
9382,1
9383,8
9384,8
9385,5
9386,4
9387,9
9388,4
9389,8
9390,5
9391,1
9392,0
9393,9
9394,9
9395,1
9396,1
9397,1
9398,1
9399,4
9400,3
9401,0
9402,0
9403,4
9404,4
9405,3
9406,0
9407,9
9408,4
9409,1
9410,3
9411,4
9412,4
9413,4
9414,5
9415,10
9416,5
9417,0
9418,9
9419,3
9420,5
9421,9
9422,3
9423,3
9424,9
9425,6
9426,1
9427,5
9428,4
9429,3
9430,0
9431,3
9432,9
9433,3
9434,1
9435,0
9436,10
9437,0
9438,8
9439,5
9440,9
9441,10
9442,5
9443,5
9444,1
9445,4
9446,4
9447,3
9448,5
9449,4
9450,1
9451,4
9452,1
9453,1
9454,4
9455,4
9456,4
9457,8
9458,0
9459,0
9460,2
9461,4
9462,8
9463,8
9464,0
9465,0
9466,2
9467,5
9468,2
9469,6
9470,5
9471,4
9472,4
9473,6
9474,0
9475,10
9476,2
9477,5
9478,10
9479,8
9480,2
9481,1
9482,5
9483,2
9484,4
9485,4
9486,8
9487,5
9488,5
9489,8
9490,2
9491,2
9492,4
9493,5
9494,4
9495,2
9496,2
9497,4
9498,2
9499,2
9500,3
9501,4
9502,4
9503,8
9504,1
9505,3
9506,3
9507,2
9508,2
9509,6
9510,1
9511,10
9512,4
9513,1
9514,2
9515,2
9516,10
9517,3
9518,3
9519,9
9520,10
9521,5
9522,10
9523,2
9524,1
9525,2
9526,10
9527,2
9528,2
9529,1
9530,2
9531,4
9532,2
9533,4
9534,3
9535,4
9536,2
9537,2
9538,1
9539,2
9540,2
9541,2
9542,4
9543,2
9544,9
9545,9
9546,2
9547,4
9548,2
9549,1
9550,9
9551,1
9552,0
9553,5
9554,10
9555,6
9556,9
9557,9
9558,9
9559,9
9560,5
9561,9
9562,9
9563,4
9564,5
9565,2
9566,9
9567,3
9568,9
9569,2
9570,2
9571,5
9572,3
9573,5
9574,5
9575,5
9576,10
9577,5
9578,5
9579,9
9580,5
9581,7
9582,4
9583,1
9584,9
9585,4
9586,1
9587,8
9588,9
9589,4
9590,8
9591,9
9592,8
9593,8
9594,10
9595,7
9596,7
9597,5
9598,5
9599,3
9600,4
9601,4
9602,3
9603,4
9604,3
9605,9
9606,1
9607,1
9608,4
9609,5
9610,1
9611,9
9612,1
9613,4
9614,4
9615,9
9616,8
9617,5
9618,2
9619,8
9620,0
9621,7
9622,7
9623,4
9624,9
9625,4
9626,9
9627,3
9628,4
9629,1
9630,7
9631,7
9632,0
9633,7
9634,5
9635,9
9636,5
9637,8
9638,4
9639,5
9640,7
9641,1
9642,7
9643,2
9644,7
9645,5
9646,1
9647,0
9648,1
9649,0
9650,8
9651,6
9652,1
9653,9
9654,4
9655,2
9656,4
9657,9
9658,3
9659,8
9660,5
9661,4
9662,5
9663,7
9664,7
9665,4
9666,7
9667,4
9668,10
9669,9
9670,1
9671,1
9672,4
9673,3
9674,7
9675,0
9676,7
9677,4
9678,8
9679,4
9680,10
9681,4
9682,3
9683,6
9684,4
9685,8
9686,4
9687,6
9688,7
9689,4
9690,1
9691,9
9692,8
9693,7
9694,1
9695,3
9696,6
9697,10
9698,1
9699,9
9700,1
9701,3
9702,7
9703,4
9704,4
9705,1
9706,7
9707,9
9708,7
9709,4
9710,0
9711,8
9712,1
9713,9
9714,1
9715,9
9716,7
9717,7
9718,3
9719,9
9720,2
9721,1
9722,1
9723,0
9724,3
9725,4
9726,7
9727,1
9728,6
9729,1
9730,1
9731,8
9732,4
9733,6
9734,10
9735,4
9736,6
9737,3
9738,1
9739,0
9740,2
9741,2
9742,10
9743,5
9744,1
9745,9
9746,9
9747,7
9748,4
9749,1
9750,3
9751,7
9752,7
9753,7
9754,2
9755,1
9756,7
9757,9
9758,5
9759,9
9760,5
9761,5
9762,0
9763,4
9764,10
9765,1
9766,7
9767,6
9768,5
9769,9
9770,4
9771,1
9772,9
9773,8
9774,9
9775,6
9776,2
9777,7
9778,4
9779,7
9780,7
9781,3
9782,4
9783,3
9784,5
9785,4
9786,10
9787,9
9788,5
9789,7
9790,5
9791,6
9792,1
9793,8
9794,8
9795,7
9796,5
9797,7
9798,9
9799,0
9800,10
9801,0
9802,4
9803,1
9804,0
9805,1
9806,4
9807,1
9808,5
9809,7
9810,1
9811,10
9812,1
9813,9
9814,10
9815,3
9816,4
9817,3
9818,1
9819,10
9820,5
9821,3
9822,5
9823,3
9824,7
9825,10
9826,4
9827,2
9828,3
9829,3
9830,8
9831,4
9832,1
9833,4
9834,9
9835,5
9836,2
9837,7
9838,3
9839,5
9840,5
9841,4
9842,8
9843,9
9844,3
9845,1
9846,5
9847,7
9848,8
9849,7
9850,5
9851,9
9852,0
9853,1
9854,7
9855,4
9856,9
9857,4
9858,4
9859,4
9860,4
9861,2
9862,1
9863,1
9864,9
9865,7
9866,1
9867,3
9868,2
9869,9
9870,4
9871,1
9872,1
9873,3
9874,4
9875,9
9876,7
9877,3
9878,7
9879,10
9880,7
9881,9
9882,7
9883,5
9884,9
9885,3
9886,4
9887,5
9888,7
9889,2
9890,4
9891,0
9892,1
9893,1
9894,4
9895,10
9896,3
9897,1
9898,4
9899,9
9900,7
9901,0
9902,3
9903,2
9904,9
9905,5
9906,7
9907,1
9908,7
9909,0
9910,9
9911,5
9912,4
9913,9
9914,4
9915,2
9916,5
9917,1
9918,8
9919,7
9920,4
9921,4
9922,4
9923,2
9924,4
9925,0
9926,9
9927,3
9928,4
9929,7
9930,6
9931,9
9932,2
9933,5
9934,4
9935,1
9936,4
9937,9
9938,4
9939,5
9940,1
9941,1
9942,3
9943,4
9944,4
9945,7
9946,4
9947,9
9948,1
9949,2
9950,3
9951,9
9952,1
9953,7
9954,1
9955,9
9956,9
9957,6
9958,8
9959,4
9960,7
9961,4
9962,5
9963,5
9964,10
9965,4
9966,4
9967,9
9968,7
9969,7
9970,7
9971,2
9972,1
9973,9
9974,5
9975,10
9976,0
9977,10
9978,3
9979,5
9980,8
9981,4
9982,1
9983,3
9984,9
9985,2
9986,1
9987,0
9988,1
9989,4
9990,4
9991,4
9992,10
9993,1
9994,0
9995,0
9996,8
9997,1
9998,5
9999,5
