emb_index,cluster_id
0,3
1,4
2,6
3,3
4,2
5,3
6,6
7,2
8,6
9,4
10,4
11,6
12,0
13,6
14,6
15,6
16,6
17,6
18,4
19,4
20,4
21,0
22,6
23,4
24,4
25,4
26,0
27,4
28,2
29,4
30,3
31,4
32,2
33,6
34,4
35,4
36,0
37,4
38,4
39,3
40,6
41,6
42,6
43,6
44,6
45,6
46,6
47,6
48,6
49,2
50,6
51,6
52,4
53,6
54,6
55,6
56,6
57,6
58,6
59,6
60,6
61,6
62,6
63,6
64,6
65,6
66,6
67,6
68,0
69,4
70,4
71,6
72,4
73,6
74,6
75,5
76,4
77,2
78,6
79,3
80,4
81,6
82,0
83,2
84,6
85,6
86,2
87,2
88,6
89,3
90,6
91,0
92,0
93,2
94,0
95,6
96,0
97,0
98,3
99,6
100,6
101,0
102,2
103,6
104,6
105,2
106,6
107,3
108,6
109,6
110,2
111,6
112,6
113,5
114,6
115,6
116,0
117,6
118,6
119,6
120,6
121,6
122,6
123,6
124,6
125,6
126,0
127,6
128,2
129,6
130,6
131,6
132,0
133,4
134,2
135,4
136,5
137,6
138,3
139,2
140,6
141,5
142,3
143,0
144,5
145,6
146,6
147,4
148,4
149,0
150,0
151,4
152,2
153,2
154,4
155,6
156,4
157,3
158,3
159,4
160,3
161,3
162,6
163,4
164,4
165,6
166,6
167,2
168,2
169,5
170,5
171,4
172,6
173,0
174,0
175,3
176,0
177,3
178,6
179,5
180,2
181,5
182,0
183,0
184,3
185,3
186,6
187,3
188,2
189,6
190,3
191,6
192,3
193,2
194,4
195,2
196,3
197,5
198,5
199,2
200,2
201,0
202,2
203,1
204,5
205,6
206,5
207,3
208,4
209,2
210,2
211,2
212,4
213,2
214,2
215,6
216,5
217,6
218,2
219,3
220,0
221,6
222,3
223,3
224,2
225,3
226,2
227,3
228,2
229,2
230,3
231,2
232,3
233,2
234,2
235,0
236,0
237,4
238,4
239,0
240,6
241,5
242,3
243,2
244,6
245,5
246,2
247,3
248,6
249,3
250,4
251,6
252,2
253,3
254,2
255,6
256,3
257,4
258,5
259,2
260,3
261,0
262,5
263,5
264,3
265,0
266,4
267,3
268,4
269,3
270,3
271,3
272,6
273,5
274,2
275,2
276,5
277,2
278,2
279,5
280,0
281,2
282,5
283,0
284,3
285,5
286,2
287,4
288,6
289,3
290,4
291,3
292,6
293,5
294,4
295,6
296,0
297,5
298,4
299,5
300,2
301,2
302,2
303,2
304,2
305,6
306,0
307,2
308,6
309,5
310,2
311,4
312,5
313,5
314,4
315,2
316,3
317,0
318,5
319,2
320,6
321,2
322,4
323,0
324,3
325,0
326,6
327,6
328,3
329,0
330,3
331,6
332,2
333,0
334,1
335,6
336,2
337,6
338,4
339,5
340,2
341,2
342,5
343,2
344,2
345,4
346,1
347,4
348,4
349,2
350,2
351,2
352,2
353,4
354,2
355,4
356,4
357,2
358,0
359,5
360,2
361,5
362,5
363,3
364,5
365,2
366,0
367,2
368,2
369,5
370,2
371,2
372,2
373,1
374,5
375,5
376,2
377,2
378,2
379,4
380,5
381,1
382,6
383,2
384,6
385,3
386,2
387,5
388,0
389,5
390,0
391,4
392,2
393,3
394,1
395,4
396,4
397,3
398,1
399,5
400,5
401,2
402,5
403,3
404,2
405,5
406,6
407,5
408,5
409,5
410,4
411,2
412,4
413,2
414,2
415,6
416,4
417,2
418,2
419,5
420,2
421,4
422,3
423,6
424,5
425,6
426,6
427,6
428,4
429,2
430,2
431,2
432,0
433,4
434,0
435,5
436,1
437,6
438,5
439,2
440,2
441,6
442,6
443,6
444,2
445,3
446,2
447,4
448,5
449,5
450,5
451,3
452,0
453,2
454,0
455,1
456,2
457,2
458,2
459,2
460,4
461,5
462,4
463,4
464,2
465,5
466,6
467,0
468,0
469,2
470,0
471,5
472,4
473,6
474,2
475,2
476,5
477,2
478,4
479,6
480,4
481,5
482,4
483,0
484,0
485,5
486,0
487,2
488,5
489,2
490,4
491,0
492,4
493,6
494,6
495,2
496,0
497,5
498,2
499,1
500,2
501,2
502,2
503,6
504,5
505,6
506,3
507,1
508,5
509,5
510,5
511,2
512,6
513,5
514,5
515,5
516,4
517,6
518,4
519,0
520,2
521,0
522,2
523,5
524,2
525,4
526,5
527,5
528,6
529,5
530,5
531,5
532,5
533,2
534,4
535,2
536,6
537,6
538,5
539,4
540,3
541,2
542,2
543,1
544,4
545,2
546,6
547,4
548,6
549,4
550,5
551,5
552,4
553,0
554,6
555,1
556,2
557,0
558,2
559,0
560,5
561,5
562,6
563,4
564,2
565,4
566,2
567,4
568,5
569,3
570,4
571,2
572,5
573,2
574,0
575,5
576,2
577,4
578,6
579,5
580,0
581,6
582,2
583,0
584,5
585,6
586,4
587,4
588,5
589,5
590,2
591,4
592,2
593,4
594,5
595,0
596,3
597,4
598,2
599,2
600,6
601,5
602,4
603,6
604,5
605,4
606,6
607,2
608,6
609,4
610,2
611,6
612,5
613,2
614,1
615,0
616,6
617,4
618,2
619,5
620,2
621,5
622,2
623,4
624,2
625,6
626,2
627,2
628,5
629,3
630,2
631,5
632,1
633,1
634,0
635,6
636,2
637,2
638,2
639,2
640,2
641,2
642,0
643,2
644,4
645,5
646,2
647,5
648,0
649,1
650,5
651,0
652,4
653,2
654,5
655,0
656,3
657,2
658,6
659,2
660,4
661,0
662,1
663,4
664,0
665,0
666,5
667,2
668,2
669,6
670,4
671,5
672,2
673,6
674,2
675,6
676,0
677,2
678,5
679,4
680,3
681,3
682,5
683,6
684,1
685,5
686,3
687,3
688,2
689,5
690,0
691,4
692,4
693,4
694,1
695,5
696,2
697,2
698,6
699,6
700,0
701,2
702,0
703,1
704,3
705,0
706,2
707,5
708,2
709,4
710,5
711,2
712,6
713,6
714,6
715,2
716,2
717,5
718,4
719,2
720,1
721,2
722,6
723,1
724,0
725,2
726,5
727,4
728,0
729,2
730,2
731,4
732,2
733,0
734,1
735,5
736,6
737,2
738,0
739,5
740,3
741,1
742,3
743,4
744,0
745,6
746,5
747,2
748,2
749,6
750,1
751,5
752,2
753,0
754,5
755,0
756,6
757,2
758,5
759,1
760,4
761,2
762,2
763,2
764,2
765,2
766,2
767,5
768,1
769,2
770,2
771,2
772,2
773,3
774,2
775,2
776,2
777,6
778,4
779,6
780,5
781,5
782,5
783,2
784,0
785,2
786,2
787,0
788,2
789,6
790,4
791,5
792,2
793,3
794,2
795,2
796,2
797,5
798,6
799,4
800,1
801,2
802,5
803,2
804,2
805,1
806,1
807,6
808,5
809,2
810,5
811,3
812,2
813,6
814,2
815,4
816,2
817,5
818,0
819,3
820,0
821,1
822,5
823,0
824,6
825,4
826,1
827,5
828,4
829,5
830,1
831,2
832,2
833,2
834,2
835,2
836,0
837,0
838,1
839,2
840,2
841,1
842,0
843,2
844,2
845,6
846,6
847,1
848,6
849,5
850,4
851,6
852,6
853,1
854,5
855,5
856,2
857,5
858,4
859,3
860,5
861,6
862,5
863,1
864,1
865,0
866,2
867,4
868,5
869,5
870,2
871,4
872,5
873,2
874,2
875,4
876,6
877,2
878,2
879,5
880,4
881,5
882,2
883,2
884,2
885,4
886,2
887,2
888,1
889,2
890,2
891,2
892,6
893,0
894,1
895,0
896,4
897,4
898,5
899,5
900,6
901,6
902,2
903,5
904,1
905,6
906,2
907,3
908,6
909,4
910,5
911,6
912,0
913,2
914,1
915,1
916,1
917,2
918,2
919,2
920,2
921,5
922,3
923,3
924,0
925,2
926,2
927,6
928,2
929,5
930,5
931,5
932,2
933,4
934,2
935,5
936,1
937,2
938,2
939,6
940,5
941,2
942,6
943,2
944,6
945,3
946,4
947,3
948,4
949,0
950,0
951,6
952,5
953,6
954,6
955,2
956,2
957,2
958,5
959,4
960,5
961,5
962,2
963,3
964,5
965,5
966,0
967,2
968,3
969,0
970,5
971,5
972,1
973,0
974,5
975,1
976,0
977,4
978,4
979,0
980,4
981,2
982,3
983,3
984,0
985,5
986,2
987,4
988,2
989,6
990,4
991,3
992,5
993,5
994,2
995,5
996,5
997,5
998,2
999,5
1000,0
1001,5
1002,2
1003,2
1004,0
1005,2
1006,4
1007,5
1008,4
1009,2
1010,2
1011,5
1012,2
1013,0
1014,5
1015,0
1016,2
1017,6
1018,2
1019,6
1020,2
1021,2
1022,2
1023,5
1024,2
1025,2
1026,1
1027,6
1028,5
1029,2
1030,5
1031,5
1032,2
1033,6
1034,4
1035,5
1036,4
1037,0
1038,5
1039,2
1040,6
1041,2
1042,4
1043,5
1044,2
1045,4
1046,4
1047,5
1048,2
1049,5
1050,5
1051,0
1052,6
1053,3
1054,5
1055,2
1056,5
1057,6
1058,2
1059,3
1060,5
1061,1
1062,1
1063,2
1064,6
1065,2
1066,0
1067,0
1068,6
1069,2
1070,6
1071,5
1072,0
1073,2
1074,5
1075,5
1076,6
1077,2
1078,0
1079,2
1080,2
1081,1
1082,1
1083,2
1084,2
1085,5
1086,5
1087,1
1088,5
1089,4
1090,5
1091,1
1092,2
1093,5
1094,4
1095,2
1096,4
1097,2
1098,5
1099,2
1100,6
1101,5
1102,5
1103,1
1104,4
1105,0
1106,2
1107,0
1108,2
1109,5
1110,2
1111,2
1112,2
1113,0
1114,1
1115,5
1116,5
1117,0
1118,5
1119,5
1120,0
1121,5
1122,2
1123,1
1124,1
1125,5
1126,6
1127,5
1128,6
1129,5
1130,2
1131,6
1132,5
1133,3
1134,5
1135,6
1136,4
1137,5
1138,2
1139,5
1140,3
1141,3
1142,0
1143,5
1144,2
1145,5
1146,5
1147,2
1148,0
1149,5
1150,2
1151,6
1152,5
1153,6
1154,5
1155,0
1156,2
1157,6
1158,3
1159,5
1160,6
1161,6
1162,0
1163,4
1164,5
1165,6
1166,3
1167,2
1168,0
1169,3
1170,5
1171,2
1172,0
1173,1
1174,3
1175,6
1176,5
1177,3
1178,1
1179,5
1180,4
1181,2
1182,4
1183,1
1184,4
1185,1
1186,2
1187,6
1188,2
1189,2
1190,6
1191,1
1192,6
1193,3
1194,2
1195,1
1196,2
1197,4
1198,5
1199,2
1200,2
1201,1
1202,4
1203,2
1204,0
1205,2
1206,5
1207,2
1208,4
1209,3
1210,4
1211,5
1212,4
1213,5
1214,3
1215,6
1216,0
1217,5
1218,3
1219,5
1220,5
1221,0
1222,5
1223,5
1224,2
1225,2
1226,6
1227,6
1228,2
1229,2
1230,1
1231,2
1232,5
1233,2
1234,4
1235,3
1236,6
1237,1
1238,2
1239,6
1240,5
1241,2
1242,5
1243,5
1244,2
1245,1
1246,2
1247,1
1248,5
1249,5
1250,5
1251,2
1252,1
1253,4
1254,5
1255,1
1256,1
1257,1
1258,4
1259,1
1260,4
1261,4
1262,5
1263,3
1264,3
1265,0
1266,2
1267,4
1268,2
1269,2
1270,5
1271,6
1272,5
1273,2
1274,2
1275,0
1276,5
1277,5
1278,6
1279,5
1280,5
1281,5
1282,4
1283,0
1284,2
1285,1
1286,5
1287,3
1288,5
1289,2
1290,0
1291,3
1292,2
1293,5
1294,0
1295,4
1296,1
1297,0
1298,1
1299,5
1300,5
1301,4
1302,0
1303,0
1304,5
1305,5
1306,2
1307,6
1308,4
1309,5
1310,2
1311,5
1312,4
1313,2
1314,6
1315,2
1316,4
1317,6
1318,2
1319,3
1320,3
1321,5
1322,2
1323,6
1324,5
1325,0
1326,5
1327,4
1328,6
1329,2
1330,2
1331,5
1332,5
1333,2
1334,4
1335,4
1336,5
1337,5
1338,5
1339,5
1340,1
1341,2
1342,5
1343,2
1344,3
1345,5
1346,3
1347,3
1348,1
1349,6
1350,3
1351,6
1352,2
1353,3
1354,1
1355,6
1356,2
1357,6
1358,4
1359,3
1360,5
1361,2
1362,2
1363,2
1364,3
1365,6
1366,5
1367,1
1368,6
1369,0
1370,3
1371,1
1372,2
1373,0
1374,5
1375,2
1376,2
1377,1
1378,1
1379,5
1380,3
1381,6
1382,0
1383,1
1384,0
1385,4
1386,5
1387,2
1388,2
1389,3
1390,5
1391,2
1392,2
1393,2
1394,5
1395,5
1396,4
1397,6
1398,4
1399,6
1400,5
1401,1
1402,6
1403,2
1404,6
1405,1
1406,2
1407,0
1408,3
1409,1
1410,5
1411,6
1412,6
1413,5
1414,5
1415,4
1416,0
1417,4
1418,3
1419,0
1420,2
1421,1
1422,0
1423,3
1424,6
1425,4
1426,2
1427,2
1428,3
1429,1
1430,2
1431,2
1432,5
1433,2
1434,3
1435,2
1436,2
1437,1
1438,5
1439,3
1440,2
1441,4
1442,6
1443,0
1444,2
1445,4
1446,1
1447,2
1448,2
1449,3
1450,0
1451,2
1452,3
1453,5
1454,2
1455,5
1456,1
1457,4
1458,2
1459,2
1460,2
1461,5
1462,1
1463,0
1464,5
1465,5
1466,4
1467,0
1468,0
1469,4
1470,5
1471,2
1472,1
1473,6
1474,2
1475,5
1476,5
1477,2
1478,2
1479,5
1480,4
1481,4
1482,5
1483,0
1484,4
1485,0
1486,6
1487,2
1488,5
1489,2
1490,5
1491,5
1492,0
1493,5
1494,4
1495,0
1496,2
1497,5
1498,4
1499,2
1500,5
1501,6
1502,6
1503,1
1504,4
1505,2
1506,4
1507,4
1508,5
1509,6
1510,2
1511,6
1512,6
1513,5
1514,5
1515,2
1516,0
1517,2
1518,5
1519,2
1520,4
1521,2
1522,2
1523,0
1524,6
1525,2
1526,0
1527,5
1528,4
1529,2
1530,2
1531,2
1532,3
1533,4
1534,5
1535,6
1536,4
1537,1
1538,2
1539,4
1540,5
1541,0
1542,0
1543,2
1544,5
1545,5
1546,5
1547,0
1548,2
1549,5
1550,1
1551,5
1552,4
1553,2
1554,2
1555,6
1556,6
1557,4
1558,2
1559,3
1560,3
1561,1
1562,3
1563,4
1564,0
1565,5
1566,0
1567,6
1568,2
1569,0
1570,5
1571,6
1572,5
1573,6
1574,5
1575,2
1576,6
1577,5
1578,2
1579,4
1580,2
1581,6
1582,2
1583,2
1584,2
1585,4
1586,5
1587,6
1588,6
1589,5
1590,5
1591,3
1592,3
1593,4
1594,2
1595,2
1596,3
1597,4
1598,1
1599,3
1600,5
1601,1
1602,0
1603,5
1604,2
1605,0
1606,2
1607,3
1608,2
1609,1
1610,2
1611,6
1612,0
1613,6
1614,1
1615,3
1616,5
1617,3
1618,2
1619,2
1620,6
1621,5
1622,3
1623,1
1624,1
1625,2
1626,1
1627,1
1628,0
1629,2
1630,2
1631,5
1632,4
1633,6
1634,4
1635,4
1636,2
1637,6
1638,5
1639,2
1640,4
1641,2
1642,1
1643,2
1644,5
1645,0
1646,3
1647,1
1648,5
1649,1
1650,4
1651,5
1652,2
1653,6
1654,4
1655,2
1656,2
1657,6
1658,1
1659,6
1660,5
1661,0
1662,5
1663,2
1664,3
1665,2
1666,4
1667,2
1668,3
1669,1
1670,1
1671,5
1672,5
1673,6
1674,6
1675,6
1676,4
1677,2
1678,5
1679,5
1680,5
1681,3
1682,1
1683,0
1684,4
1685,5
1686,0
1687,5
1688,2
1689,6
1690,1
1691,5
1692,6
1693,4
1694,6
1695,4
1696,5
1697,2
1698,5
1699,5
1700,6
1701,6
1702,3
1703,5
1704,5
1705,2
1706,5
1707,0
1708,5
1709,3
1710,5
1711,2
1712,1
1713,6
1714,5
1715,5
1716,5
1717,4
1718,2
1719,2
1720,1
1721,5
1722,5
1723,0
1724,4
1725,6
1726,5
1727,5
1728,5
1729,2
1730,1
1731,2
1732,6
1733,4
1734,5
1735,4
1736,5
1737,1
1738,2
1739,2
1740,6
1741,2
1742,4
1743,3
1744,1
1745,5
1746,2
1747,5
1748,4
1749,5
1750,2
1751,4
1752,1
1753,2
1754,6
1755,3
1756,5
1757,5
1758,2
1759,5
1760,6
1761,2
1762,5
1763,6
1764,0
1765,6
1766,1
1767,5
1768,5
1769,2
1770,4
1771,2
1772,1
1773,6
1774,6
1775,3
1776,4
1777,1
1778,3
1779,6
1780,5
1781,4
1782,2
1783,6
1784,1
1785,0
1786,2
1787,2
1788,2
1789,0
1790,2
1791,5
1792,5
1793,4
1794,2
1795,4
1796,6
1797,2
1798,5
1799,2
1800,5
1801,3
1802,2
1803,5
1804,5
1805,0
1806,6
1807,3
1808,5
1809,6
1810,4
1811,2
1812,5
1813,3
1814,6
1815,5
1816,5
1817,3
1818,2
1819,6
1820,5
1821,5
1822,5
1823,5
1824,5
1825,3
1826,2
1827,5
1828,2
1829,2
1830,0
1831,4
1832,4
1833,2
1834,2
1835,4
1836,2
1837,0
1838,1
1839,3
1840,1
1841,4
1842,6
1843,0
1844,1
1845,5
1846,1
1847,4
1848,2
1849,5
1850,4
1851,4
1852,5
1853,5
1854,6
1855,4
1856,3
1857,5
1858,2
1859,5
1860,5
1861,5
1862,6
1863,5
1864,2
1865,3
1866,5
1867,5
1868,5
1869,3
1870,2
1871,5
1872,2
1873,6
1874,2
1875,1
1876,1
1877,0
1878,6
1879,2
1880,2
1881,5
1882,3
1883,2
1884,3
1885,2
1886,3
1887,1
1888,5
1889,0
1890,5
1891,5
1892,2
1893,5
1894,5
1895,1
1896,5
1897,5
1898,2
1899,1
1900,0
1901,0
1902,5
1903,4
1904,2
1905,5
1906,4
1907,5
1908,5
1909,5
1910,2
1911,2
1912,4
1913,2
1914,2
1915,6
1916,5
1917,5
1918,2
1919,2
1920,0
1921,0
1922,2
1923,5
1924,4
1925,5
1926,4
1927,5
1928,1
1929,1
1930,3
1931,2
1932,5
1933,1
1934,2
1935,4
1936,2
1937,6
1938,5
1939,5
1940,0
1941,3
1942,6
1943,1
1944,5
1945,1
1946,5
1947,5
1948,5
1949,2
1950,1
1951,3
1952,0
1953,6
1954,5
1955,2
1956,6
1957,0
1958,5
1959,1
1960,6
1961,1
1962,5
1963,2
1964,0
1965,2
1966,0
1967,5
1968,4
1969,2
1970,0
1971,5
1972,1
1973,5
1974,1
1975,3
1976,6
1977,2
1978,5
1979,2
1980,2
1981,1
1982,4
1983,5
1984,4
1985,2
1986,3
1987,5
1988,1
1989,4
1990,3
1991,2
1992,1
1993,5
1994,6
1995,6
1996,5
1997,5
1998,5
1999,0
2000,5
2001,4
2002,2
2003,1
2004,5
2005,5
2006,6
2007,5
2008,5
2009,4
2010,0
2011,6
2012,5
2013,1
2014,5
2015,1
2016,5
2017,0
2018,0
2019,3
2020,2
2021,2
2022,5
2023,2
2024,2
2025,2
2026,3
2027,5
2028,3
2029,2
2030,3
2031,4
2032,5
2033,0
2034,4
2035,2
2036,6
2037,5
2038,2
2039,6
2040,4
2041,0
2042,2
2043,4
2044,2
2045,3
2046,5
2047,5
2048,2
2049,3
2050,4
2051,5
2052,1
2053,4
2054,3
2055,6
2056,6
2057,5
2058,5
2059,5
2060,6
2061,2
2062,0
2063,6
2064,3
2065,0
2066,0
2067,3
2068,2
2069,5
2070,2
2071,1
2072,5
2073,0
2074,3
2075,1
2076,5
2077,6
2078,2
2079,2
2080,2
2081,2
2082,0
2083,6
2084,3
2085,5
2086,5
2087,2
2088,2
2089,6
2090,6
2091,0
2092,2
2093,6
2094,4
2095,5
2096,5
2097,5
2098,1
2099,4
2100,4
2101,4
2102,1
2103,5
2104,0
2105,2
2106,6
2107,2
2108,4
2109,4
2110,2
2111,2
2112,1
2113,2
2114,5
2115,5
2116,3
2117,6
2118,1
2119,0
2120,2
2121,3
2122,6
2123,5
2124,2
2125,2
2126,4
2127,5
2128,4
2129,5
2130,2
2131,5
2132,4
2133,0
2134,0
2135,4
2136,0
2137,0
2138,5
2139,1
2140,3
2141,2
2142,6
2143,6
2144,2
2145,4
2146,1
2147,5
2148,5
2149,4
2150,3
2151,5
2152,5
2153,5
2154,2
2155,2
2156,0
2157,1
2158,2
2159,2
2160,2
2161,1
2162,2
2163,5
2164,5
2165,2
2166,0
2167,2
2168,4
2169,1
2170,6
2171,6
2172,2
2173,6
2174,4
2175,5
2176,0
2177,5
2178,3
2179,2
2180,3
2181,2
2182,2
2183,4
2184,5
2185,1
2186,4
2187,5
2188,5
2189,3
2190,2
2191,2
2192,4
2193,2
2194,3
2195,2
2196,2
2197,4
2198,2
2199,5
2200,3
2201,5
2202,4
2203,3
2204,6
2205,4
2206,6
2207,1
2208,5
2209,2
2210,5
2211,2
2212,2
2213,5
2214,5
2215,6
2216,2
2217,5
2218,6
2219,5
2220,1
2221,0
2222,5
2223,2
2224,6
2225,1
2226,1
2227,5
2228,0
2229,2
2230,5
2231,2
2232,6
2233,4
2234,6
2235,3
2236,3
2237,4
2238,5
2239,1
2240,2
2241,2
2242,5
2243,2
2244,1
2245,6
2246,5
2247,5
2248,2
2249,5
2250,6
2251,1
2252,0
2253,1
2254,6
2255,5
2256,0
2257,2
2258,6
2259,6
2260,5
2261,5
2262,4
2263,2
2264,2
2265,5
2266,5
2267,5
2268,5
2269,4
2270,6
2271,4
2272,2
2273,2
2274,4
2275,4
2276,1
2277,6
2278,5
2279,6
2280,6
2281,2
2282,2
2283,2
2284,4
2285,6
2286,6
2287,0
2288,5
2289,2
2290,0
2291,5
2292,1
2293,5
2294,2
2295,6
2296,4
2297,1
2298,4
2299,1
2300,0
2301,4
2302,2
2303,2
2304,5
2305,2
2306,2
2307,3
2308,2
2309,5
2310,0
2311,1
2312,0
2313,1
2314,0
2315,2
2316,2
2317,2
2318,5
2319,6
2320,1
2321,5
2322,5
2323,1
2324,5
2325,2
2326,3
2327,1
2328,4
2329,2
2330,1
2331,3
2332,6
2333,1
2334,6
2335,1
2336,6
2337,1
2338,0
2339,6
2340,2
2341,5
2342,6
2343,2
2344,2
2345,3
2346,5
2347,0
2348,2
2349,6
2350,6
2351,6
2352,2
2353,2
2354,2
2355,4
2356,2
2357,2
2358,2
2359,6
2360,4
2361,5
2362,6
2363,5
2364,5
2365,0
2366,5
2367,5
2368,2
2369,0
2370,2
2371,5
2372,5
2373,0
2374,2
2375,3
2376,4
2377,0
2378,2
2379,1
2380,2
2381,1
2382,1
2383,5
2384,1
2385,6
2386,2
2387,5
2388,2
2389,5
2390,5
2391,6
2392,1
2393,2
2394,2
2395,6
2396,0
2397,6
2398,2
2399,0
2400,5
2401,1
2402,4
2403,2
2404,6
2405,3
2406,5
2407,1
2408,1
2409,5
2410,6
2411,3
2412,2
2413,1
2414,2
2415,5
2416,5
2417,5
2418,5
2419,1
2420,4
2421,5
2422,0
2423,2
2424,5
2425,2
2426,4
2427,5
2428,2
2429,5
2430,1
2431,3
2432,6
2433,5
2434,4
2435,6
2436,2
2437,2
2438,2
2439,3
2440,5
2441,0
2442,4
2443,5
2444,2
2445,5
2446,2
2447,2
2448,1
2449,2
2450,4
2451,2
2452,1
2453,3
2454,2
2455,5
2456,5
2457,3
2458,5
2459,3
2460,2
2461,3
2462,5
2463,2
2464,0
2465,2
2466,2
2467,2
2468,3
2469,6
2470,4
2471,0
2472,4
2473,2
2474,2
2475,6
2476,2
2477,6
2478,6
2479,0
2480,2
2481,6
2482,6
2483,5
2484,6
2485,2
2486,6
2487,0
2488,2
2489,2
2490,2
2491,6
2492,5
2493,5
2494,2
2495,2
2496,5
2497,1
2498,5
2499,2
2500,2
2501,6
2502,3
2503,0
2504,2
2505,4
2506,2
2507,5
2508,5
2509,4
2510,0
2511,5
2512,5
2513,4
2514,2
2515,6
2516,3
2517,3
2518,2
2519,5
2520,1
2521,5
2522,4
2523,1
2524,1
2525,1
2526,3
2527,2
2528,5
2529,2
2530,4
2531,2
2532,2
2533,0
2534,5
2535,3
2536,5
2537,2
2538,3
2539,5
2540,6
2541,1
2542,5
2543,1
2544,5
2545,3
2546,4
2547,0
2548,3
2549,4
2550,3
2551,2
2552,6
2553,2
2554,2
2555,2
2556,0
2557,5
2558,2
2559,2
2560,2
2561,2
2562,5
2563,4
2564,2
2565,2
2566,2
2567,6
2568,5
2569,2
2570,1
2571,5
2572,2
2573,4
2574,6
2575,2
2576,2
2577,0
2578,6
2579,5
2580,6
2581,6
2582,5
2583,1
2584,2
2585,6
2586,2
2587,6
2588,4
2589,0
2590,0
2591,1
2592,1
2593,6
2594,0
2595,5
2596,2
2597,0
2598,2
2599,6
2600,1
2601,0
2602,5
2603,6
2604,1
2605,4
2606,2
2607,2
2608,6
2609,2
2610,2
2611,2
2612,2
2613,2
2614,1
2615,2
2616,1
2617,6
2618,4
2619,5
2620,6
2621,2
2622,5
2623,3
2624,0
2625,5
2626,5
2627,5
2628,2
2629,5
2630,5
2631,5
2632,2
2633,6
2634,2
2635,5
2636,0
2637,2
2638,1
2639,1
2640,3
2641,4
2642,2
2643,2
2644,5
2645,6
2646,2
2647,5
2648,6
2649,2
2650,6
2651,2
2652,6
2653,2
2654,2
2655,3
2656,0
2657,5
2658,2
2659,3
2660,2
2661,4
2662,6
2663,3
2664,0
2665,6
2666,5
2667,2
2668,1
2669,3
2670,2
2671,4
2672,5
2673,6
2674,5
2675,5
2676,2
2677,2
2678,5
2679,6
2680,0
2681,2
2682,5
2683,2
2684,2
2685,1
2686,2
2687,1
2688,6
2689,1
2690,3
2691,4
2692,3
2693,3
2694,2
2695,1
2696,5
2697,2
2698,2
2699,1
2700,2
2701,6
2702,5
2703,0
2704,5
2705,6
2706,5
2707,4
2708,1
2709,5
2710,2
2711,4
2712,2
2713,0
2714,5
2715,2
2716,2
2717,5
2718,2
2719,4
2720,6
2721,6
2722,5
2723,3
2724,3
2725,1
2726,5
2727,6
2728,2
2729,0
2730,2
2731,0
2732,2
2733,4
2734,4
2735,0
2736,1
2737,2
2738,2
2739,5
2740,3
2741,5
2742,4
2743,0
2744,2
2745,0
2746,2
2747,3
2748,4
2749,1
2750,2
2751,5
2752,0
2753,4
2754,5
2755,1
2756,0
2757,0
2758,1
2759,4
2760,4
2761,1
2762,4
2763,1
2764,6
2765,5
2766,2
2767,0
2768,0
2769,1
2770,1
2771,1
2772,5
2773,5
2774,3
2775,3
2776,2
2777,5
2778,3
2779,0
2780,4
2781,0
2782,5
2783,2
2784,0
2785,2
2786,5
2787,2
2788,2
2789,2
2790,5
2791,6
2792,2
2793,4
2794,2
2795,2
2796,2
2797,4
2798,0
2799,6
2800,4
2801,0
2802,5
2803,5
2804,5
2805,4
2806,0
2807,5
2808,2
2809,5
2810,1
2811,2
2812,2
2813,2
2814,3
2815,5
2816,4
2817,5
2818,1
2819,6
2820,6
2821,0
2822,0
2823,2
2824,5
2825,6
2826,6
2827,3
2828,5
2829,5
2830,1
2831,5
2832,0
2833,1
2834,6
2835,5
2836,5
2837,4
2838,2
2839,2
2840,4
2841,2
2842,5
2843,5
2844,1
2845,1
2846,5
2847,3
2848,2
2849,1
2850,5
2851,0
2852,5
2853,2
2854,2
2855,2
2856,5
2857,2
2858,6
2859,2
2860,4
2861,3
2862,1
2863,5
2864,5
2865,5
2866,5
2867,2
2868,5
2869,3
2870,5
2871,5
2872,6
2873,2
2874,1
2875,6
2876,6
2877,5
2878,5
2879,3
2880,5
2881,2
2882,1
2883,1
2884,6
2885,3
2886,2
2887,5
2888,5
2889,0
2890,0
2891,5
2892,6
2893,3
2894,2
2895,5
2896,0
2897,6
2898,0
2899,5
2900,5
2901,1
2902,5
2903,5
2904,5
2905,3
2906,3
2907,0
2908,5
2909,3
2910,3
2911,2
2912,2
2913,2
2914,6
2915,5
2916,6
2917,5
2918,2
2919,5
2920,3
2921,5
2922,2
2923,1
2924,4
2925,5
2926,5
2927,5
2928,2
2929,5
2930,4
2931,2
2932,5
2933,1
2934,3
2935,5
2936,0
2937,2
2938,5
2939,5
2940,5
2941,4
2942,2
2943,3
2944,6
2945,2
2946,5
2947,5
2948,2
2949,5
2950,1
2951,3
2952,2
2953,3
2954,6
2955,0
2956,2
2957,5
2958,3
2959,4
2960,5
2961,3
2962,6
2963,0
2964,5
2965,3
2966,2
2967,5
2968,0
2969,2
2970,6
2971,2
2972,0
2973,2
2974,2
2975,5
2976,5
2977,2
2978,5
2979,2
2980,5
2981,3
2982,4
2983,6
2984,2
2985,4
2986,5
2987,1
2988,2
2989,6
2990,3
2991,6
2992,1
2993,6
2994,5
2995,5
2996,1
2997,5
2998,4
2999,1
3000,4
3001,1
3002,4
3003,0
3004,2
3005,3
3006,0
3007,6
3008,4
3009,2
3010,0
3011,2
3012,2
3013,4
3014,0
3015,1
3016,2
3017,2
3018,4
3019,6
3020,0
3021,6
3022,0
3023,2
3024,6
3025,4
3026,5
3027,3
3028,2
3029,2
3030,5
3031,2
3032,6
3033,5
3034,2
3035,0
3036,2
3037,2
3038,2
3039,2
3040,4
3041,4
3042,2
3043,2
3044,3
3045,0
3046,3
3047,4
3048,0
3049,6
3050,1
3051,2
3052,2
3053,3
3054,0
3055,2
3056,2
3057,0
3058,0
3059,0
3060,0
3061,4
3062,0
3063,5
3064,4
3065,0
3066,2
3067,2
3068,3
3069,6
3070,5
3071,1
3072,5
3073,4
3074,5
3075,1
3076,5
3077,0
3078,2
3079,4
3080,5
3081,0
3082,6
3083,5
3084,2
3085,2
3086,1
3087,0
3088,2
3089,6
3090,2
3091,5
3092,5
3093,1
3094,2
3095,2
3096,2
3097,3
3098,5
3099,2
3100,4
3101,5
3102,3
3103,6
3104,0
3105,2
3106,3
3107,3
3108,4
3109,1
3110,1
3111,2
3112,3
3113,1
3114,6
3115,5
3116,3
3117,5
3118,0
3119,2
3120,5
3121,5
3122,3
3123,5
3124,5
3125,5
3126,0
3127,2
3128,1
3129,2
3130,5
3131,2
3132,3
3133,5
3134,1
3135,2
3136,2
3137,6
3138,4
3139,4
3140,0
3141,4
3142,2
3143,5
3144,3
3145,0
3146,5
3147,1
3148,2
3149,2
3150,5
3151,6
3152,5
3153,4
3154,5
3155,6
3156,4
3157,6
3158,2
3159,1
3160,0
3161,0
3162,3
3163,4
3164,2
3165,3
3166,0
3167,5
3168,0
3169,5
3170,2
3171,0
3172,2
3173,0
3174,0
3175,0
3176,4
3177,3
3178,2
3179,0
3180,4
3181,0
3182,2
3183,2
3184,0
3185,5
3186,4
3187,2
3188,1
3189,1
3190,2
3191,3
3192,2
3193,2
3194,1
3195,6
3196,4
3197,2
3198,5
3199,5
3200,4
3201,4
3202,6
3203,2
3204,3
3205,5
3206,3
3207,3
3208,4
3209,0
3210,4
3211,2
3212,3
3213,0
3214,2
3215,0
3216,5
3217,2
3218,1
3219,6
3220,2
3221,5
3222,2
3223,4
3224,2
3225,3
3226,0
3227,2
3228,6
3229,2
3230,5
3231,2
3232,0
3233,6
3234,2
3235,1
3236,2
3237,5
3238,1
3239,3
3240,2
3241,0
3242,4
3243,3
3244,6
3245,3
3246,0
3247,1
3248,6
3249,3
3250,5
3251,5
3252,5
3253,5
3254,5
3255,0
3256,1
3257,5
3258,4
3259,4
3260,4
3261,4
3262,4
3263,1
3264,5
3265,1
3266,6
3267,5
3268,4
3269,3
3270,2
3271,5
3272,6
3273,5
3274,1
3275,2
3276,4
3277,2
3278,2
3279,4
3280,0
3281,3
3282,6
3283,1
3284,3
3285,1
3286,0
3287,6
3288,2
3289,3
3290,3
3291,0
3292,6
3293,0
3294,5
3295,6
3296,5
3297,3
3298,5
3299,2
3300,0
3301,2
3302,3
3303,1
3304,2
3305,6
3306,5
3307,2
3308,3
3309,5
3310,6
3311,5
3312,1
3313,3
3314,0
3315,2
3316,3
3317,0
3318,2
3319,4
3320,2
3321,2
3322,5
3323,1
3324,5
3325,2
3326,2
3327,3
3328,2
3329,2
3330,2
3331,5
3332,2
3333,5
3334,1
3335,4
3336,2
3337,2
3338,6
3339,4
3340,5
3341,3
3342,2
3343,3
3344,0
3345,1
3346,2
3347,5
3348,0
3349,4
3350,6
3351,6
3352,5
3353,4
3354,4
3355,0
3356,4
3357,5
3358,2
3359,5
3360,3
3361,1
3362,6
3363,6
3364,0
3365,2
3366,4
3367,2
3368,3
3369,2
3370,5
3371,5
3372,5
3373,3
3374,6
3375,5
3376,5
3377,2
3378,5
3379,2
3380,6
3381,4
3382,2
3383,6
3384,1
3385,6
3386,2
3387,1
3388,5
3389,5
3390,1
3391,2
3392,3
3393,5
3394,0
3395,4
3396,2
3397,5
3398,0
3399,4
3400,0
3401,2
3402,5
3403,0
3404,3
3405,1
3406,4
3407,2
3408,4
3409,5
3410,2
3411,5
3412,0
3413,4
3414,2
3415,2
3416,5
3417,6
3418,6
3419,5
3420,5
3421,6
3422,1
3423,5
3424,2
3425,2
3426,4
3427,5
3428,2
3429,5
3430,2
3431,2
3432,5
3433,0
3434,5
3435,2
3436,6
3437,4
3438,5
3439,3
3440,0
3441,1
3442,3
3443,2
3444,0
3445,5
3446,5
3447,1
3448,3
3449,3
3450,1
3451,5
3452,2
3453,2
3454,2
3455,2
3456,2
3457,6
3458,1
3459,2
3460,6
3461,5
3462,0
3463,0
3464,2
3465,3
3466,1
3467,2
3468,5
3469,3
3470,2
3471,5
3472,5
3473,5
3474,3
3475,0
3476,5
3477,5
3478,4
3479,5
3480,5
3481,1
3482,5
3483,4
3484,2
3485,0
3486,2
3487,6
3488,2
3489,3
3490,2
3491,5
3492,4
3493,4
3494,2
3495,2
3496,2
3497,6
3498,5
3499,4
3500,2
3501,5
3502,2
3503,6
3504,4
3505,0
3506,5
3507,4
3508,5
3509,6
3510,3
3511,6
3512,4
3513,2
3514,1
3515,5
3516,5
3517,2
3518,5
3519,3
3520,2
3521,6
3522,3
3523,1
3524,2
3525,0
3526,0
3527,4
3528,1
3529,2
3530,5
3531,2
3532,2
3533,5
3534,5
3535,1
3536,2
3537,4
3538,5
3539,0
3540,2
3541,3
3542,1
3543,3
3544,5
3545,1
3546,3
3547,2
3548,6
3549,2
3550,5
3551,6
3552,2
3553,2
3554,6
3555,4
3556,5
3557,5
3558,1
3559,4
3560,2
3561,6
3562,2
3563,3
3564,3
3565,5
3566,6
3567,5
3568,3
3569,0
3570,5
3571,0
3572,2
3573,0
3574,0
3575,2
3576,5
3577,5
3578,5
3579,3
3580,3
3581,1
3582,5
3583,5
3584,3
3585,5
3586,6
3587,6
3588,3
3589,2
3590,2
3591,6
3592,5
3593,6
3594,5
3595,6
3596,4
3597,6
3598,2
3599,5
3600,1
3601,5
3602,2
3603,3
3604,4
3605,6
3606,5
3607,3
3608,2
3609,5
3610,2
3611,5
3612,5
3613,2
3614,5
3615,3
3616,5
3617,5
3618,2
3619,2
3620,0
3621,2
3622,2
3623,3
3624,1
3625,6
3626,2
3627,0
3628,2
3629,6
3630,6
3631,5
3632,6
3633,2
3634,5
3635,3
3636,3
3637,2
3638,0
3639,6
3640,6
3641,2
3642,3
3643,3
3644,6
3645,6
3646,4
3647,5
3648,5
3649,4
3650,5
3651,4
3652,1
3653,5
3654,4
3655,6
3656,5
3657,2
3658,2
3659,0
3660,5
3661,5
3662,4
3663,2
3664,4
3665,5
3666,4
3667,6
3668,5
3669,6
3670,1
3671,6
3672,0
3673,4
3674,3
3675,5
3676,1
3677,2
3678,2
3679,4
3680,6
3681,2
3682,3
3683,5
3684,0
3685,3
3686,6
3687,2
3688,5
3689,2
3690,6
3691,6
3692,2
3693,5
3694,3
3695,5
3696,5
3697,0
3698,2
3699,4
3700,5
3701,5
3702,2
3703,3
3704,2
3705,2
3706,4
3707,4
3708,5
3709,6
3710,2
3711,0
3712,2
3713,0
3714,1
3715,6
3716,5
3717,4
3718,5
3719,2
3720,4
3721,2
3722,2
3723,3
3724,1
3725,5
3726,4
3727,0
3728,6
3729,1
3730,4
3731,6
3732,1
3733,5
3734,0
3735,0
3736,2
3737,1
3738,4
3739,0
3740,2
3741,2
3742,3
3743,0
3744,1
3745,0
3746,4
3747,0
3748,5
3749,4
3750,3
3751,5
3752,5
3753,4
3754,2
3755,2
3756,2
3757,2
3758,0
3759,4
3760,0
3761,2
3762,0
3763,0
3764,5
3765,2
3766,2
3767,2
3768,6
3769,6
3770,0
3771,2
3772,2
3773,4
3774,4
3775,0
3776,0
3777,4
3778,4
3779,6
3780,1
3781,2
3782,5
3783,1
3784,2
3785,3
3786,6
3787,3
3788,1
3789,0
3790,6
3791,1
3792,2
3793,4
3794,4
3795,0
3796,0
3797,0
3798,0
3799,2
3800,5
3801,3
3802,5
3803,3
3804,2
3805,5
3806,3
3807,2
3808,3
3809,0
3810,3
3811,5
3812,2
3813,4
3814,4
3815,5
3816,6
3817,2
3818,0
3819,5
3820,2
3821,1
3822,4
3823,2
3824,6
3825,4
3826,5
3827,6
3828,2
3829,4
3830,2
3831,1
3832,3
3833,5
3834,6
3835,2
3836,4
3837,2
3838,1
3839,5
3840,2
3841,0
3842,6
3843,2
3844,5
3845,1
3846,3
3847,2
3848,5
3849,5
3850,1
3851,1
3852,5
3853,4
3854,2
3855,5
3856,6
3857,2
3858,4
3859,0
3860,4
3861,2
3862,5
3863,3
3864,5
3865,6
3866,0
3867,2
3868,5
3869,2
3870,4
3871,2
3872,2
3873,1
3874,2
3875,2
3876,4
3877,6
3878,5
3879,1
3880,2
3881,6
3882,0
3883,5
3884,1
3885,4
3886,0
3887,2
3888,6
3889,4
3890,5
3891,5
3892,4
3893,3
3894,4
3895,3
3896,2
3897,2
3898,2
3899,2
3900,5
3901,3
3902,4
3903,4
3904,5
3905,1
3906,2
3907,0
3908,0
3909,2
3910,4
3911,5
3912,3
3913,4
3914,2
3915,3
3916,5
3917,4
3918,0
3919,5
3920,4
3921,2
3922,2
3923,4
3924,3
3925,2
3926,5
3927,2
3928,2
3929,0
3930,0
3931,5
3932,6
3933,5
3934,6
3935,3
3936,5
3937,3
3938,6
3939,3
3940,6
3941,2
3942,2
3943,0
3944,0
3945,5
3946,2
3947,2
3948,2
3949,0
3950,5
3951,2
3952,2
3953,2
3954,6
3955,5
3956,5
3957,1
3958,1
3959,0
3960,4
3961,1
3962,4
3963,5
3964,2
3965,1
3966,2
3967,2
3968,0
3969,1
3970,2
3971,6
3972,3
3973,0
3974,5
3975,0
3976,2
3977,5
3978,4
3979,2
3980,6
3981,2
3982,3
3983,4
3984,3
3985,1
3986,4
3987,6
3988,2
3989,4
3990,3
3991,3
3992,5
3993,3
3994,2
3995,2
3996,2
3997,6
3998,6
3999,2
4000,5
4001,2
4002,5
4003,5
4004,5
4005,2
4006,2
4007,4
4008,5
4009,2
4010,3
4011,3
4012,5
4013,5
4014,2
4015,4
4016,3
4017,6
4018,4
4019,3
4020,0
4021,0
4022,3
4023,4
4024,2
4025,6
4026,5
4027,0
4028,5
4029,0
4030,5
4031,5
4032,0
4033,4
4034,0
4035,3
4036,6
4037,5
4038,2
4039,6
4040,2
4041,2
4042,4
4043,2
4044,5
4045,0
4046,4
4047,4
4048,2
4049,5
4050,5
4051,5
4052,0
4053,4
4054,6
4055,4
4056,2
4057,5
4058,4
4059,3
4060,2
4061,1
4062,1
4063,0
4064,1
4065,3
4066,2
4067,2
4068,2
4069,3
4070,6
4071,3
4072,0
4073,2
4074,4
4075,5
4076,2
4077,2
4078,2
4079,6
4080,0
4081,0
4082,0
4083,2
4084,6
4085,4
4086,6
4087,2
4088,0
4089,2
4090,4
4091,6
4092,4
4093,4
4094,4
4095,3
4096,2
4097,2
4098,1
4099,2
4100,1
4101,2
4102,1
4103,1
4104,2
4105,4
4106,2
4107,2
4108,4
4109,0
4110,6
4111,6
4112,2
4113,2
4114,4
4115,4
4116,2
4117,0
4118,0
4119,2
4120,1
4121,3
4122,5
4123,5
4124,6
4125,4
4126,4
4127,4
4128,3
4129,4
4130,5
4131,5
4132,1
4133,4
4134,6
4135,5
4136,1
4137,2
4138,0
4139,1
4140,5
4141,1
4142,1
4143,5
4144,5
4145,5
4146,0
4147,2
4148,3
4149,6
4150,5
4151,0
4152,0
4153,4
4154,5
4155,1
4156,5
4157,0
4158,2
4159,6
4160,1
4161,5
4162,2
4163,2
4164,5
4165,4
4166,0
4167,2
4168,2
4169,1
4170,2
4171,0
4172,0
4173,0
4174,2
4175,2
4176,3
4177,6
4178,4
4179,1
4180,4
4181,6
4182,1
4183,5
4184,4
4185,5
4186,0
4187,4
4188,6
4189,5
4190,5
4191,0
4192,2
4193,5
4194,3
4195,3
4196,2
4197,1
4198,0
4199,1
4200,5
4201,3
4202,2
4203,0
4204,2
4205,3
4206,0
4207,2
4208,2
4209,2
4210,2
4211,2
4212,2
4213,4
4214,3
4215,5
4216,1
4217,6
4218,4
4219,6
4220,5
4221,6
4222,2
4223,2
4224,4
4225,3
4226,2
4227,2
4228,0
4229,6
4230,2
4231,6
4232,0
4233,4
4234,2
4235,1
4236,1
4237,2
4238,0
4239,1
4240,6
4241,2
4242,5
4243,0
4244,3
4245,4
4246,5
4247,6
4248,4
4249,3
4250,5
4251,3
4252,2
4253,0
4254,2
4255,3
4256,1
4257,6
4258,6
4259,0
4260,0
4261,2
4262,6
4263,5
4264,2
4265,5
4266,0
4267,0
4268,4
4269,2
4270,5
4271,4
4272,4
4273,5
4274,6
4275,5
4276,0
4277,2
4278,3
4279,5
4280,4
4281,2
4282,4
4283,3
4284,2
4285,0
4286,1
4287,3
4288,1
4289,4
4290,5
4291,2
4292,4
4293,5
4294,4
4295,2
4296,0
4297,5
4298,0
4299,5
4300,1
4301,5
4302,0
4303,6
4304,2
4305,2
4306,1
4307,2
4308,4
4309,0
4310,1
4311,0
4312,0
4313,5
4314,5
4315,0
4316,2
4317,1
4318,6
4319,2
4320,1
4321,6
4322,3
4323,1
4324,5
4325,4
4326,4
4327,2
4328,1
4329,6
4330,0
4331,6
4332,0
4333,5
4334,0
4335,2
4336,5
4337,2
4338,3
4339,2
4340,6
4341,5
4342,1
4343,5
4344,1
4345,2
4346,6
4347,0
4348,2
4349,5
4350,4
4351,2
4352,2
4353,6
4354,5
4355,2
4356,5
4357,4
4358,2
4359,2
4360,2
4361,5
4362,2
4363,3
4364,5
4365,2
4366,2
4367,3
4368,2
4369,0
4370,6
4371,5
4372,5
4373,2
4374,1
4375,6
4376,6
4377,2
4378,0
4379,4
4380,5
4381,2
4382,2
4383,3
4384,3
4385,5
4386,1
4387,5
4388,4
4389,3
4390,2
4391,1
4392,5
4393,2
4394,3
4395,3
4396,4
4397,2
4398,0
4399,4
4400,3
4401,4
4402,5
4403,6
4404,3
4405,1
4406,0
4407,6
4408,0
4409,0
4410,0
4411,2
4412,2
4413,2
4414,3
4415,0
4416,5
4417,2
4418,0
4419,6
4420,2
4421,4
4422,2
4423,0
4424,2
4425,2
4426,6
4427,5
4428,0
4429,5
4430,5
4431,2
4432,2
4433,3
4434,6
4435,5
4436,1
4437,0
4438,4
4439,6
4440,2
4441,6
4442,0
4443,2
4444,1
4445,2
4446,2
4447,2
4448,4
4449,6
4450,4
4451,5
4452,2
4453,2
4454,2
4455,0
4456,6
4457,1
4458,3
4459,2
4460,3
4461,5
4462,0
4463,1
4464,2
4465,6
4466,2
4467,5
4468,0
4469,0
4470,3
4471,5
4472,4
4473,2
4474,5
4475,1
4476,1
4477,5
4478,3
4479,5
4480,4
4481,4
4482,2
4483,5
4484,2
4485,2
4486,5
4487,1
4488,5
4489,4
4490,1
4491,4
4492,4
4493,3
4494,0
4495,2
4496,1
4497,2
4498,1
4499,3
4500,0
4501,2
4502,5
4503,4
4504,2
4505,0
4506,1
4507,6
4508,4
4509,1
4510,5
4511,1
4512,5
4513,5
4514,4
4515,1
4516,0
4517,4
4518,1
4519,5
4520,2
4521,5
4522,2
4523,4
4524,5
4525,5
4526,2
4527,1
4528,1
4529,5
4530,2
4531,3
4532,3
4533,6
4534,3
4535,3
4536,2
4537,0
4538,2
4539,2
4540,2
4541,1
4542,4
4543,2
4544,2
4545,5
4546,4
4547,4
4548,3
4549,2
4550,1
4551,6
4552,0
4553,2
4554,5
4555,0
4556,3
4557,1
4558,1
4559,0
4560,4
4561,0
4562,0
4563,3
4564,5
4565,0
4566,3
4567,2
4568,5
4569,2
4570,3
4571,1
4572,1
4573,4
4574,4
4575,0
4576,2
4577,4
4578,0
4579,6
4580,2
4581,5
4582,0
4583,0
4584,4
4585,2
4586,2
4587,2
4588,5
4589,1
4590,5
4591,4
4592,2
4593,2
4594,0
4595,0
4596,4
4597,5
4598,2
4599,2
4600,5
4601,2
4602,4
4603,2
4604,5
4605,2
4606,2
4607,5
4608,3
4609,4
4610,2
4611,4
4612,2
4613,4
4614,0
4615,5
4616,2
4617,0
4618,6
4619,0
4620,1
4621,1
4622,2
4623,2
4624,2
4625,2
4626,4
4627,5
4628,3
4629,4
4630,1
4631,3
4632,3
4633,6
4634,5
4635,4
4636,5
4637,4
4638,2
4639,6
4640,2
4641,5
4642,5
4643,2
4644,2
4645,4
4646,5
4647,2
4648,4
4649,3
4650,5
4651,3
4652,1
4653,2
4654,4
4655,0
4656,0
4657,3
4658,5
4659,4
4660,2
4661,1
4662,5
4663,6
4664,1
4665,6
4666,3
4667,6
4668,3
4669,0
4670,0
4671,4
4672,4
4673,6
4674,2
4675,4
4676,6
4677,5
4678,4
4679,6
4680,2
4681,2
4682,2
4683,5
4684,3
4685,5
4686,1
4687,2
4688,0
4689,2
4690,0
4691,5
4692,5
4693,3
4694,2
4695,5
4696,5
4697,4
4698,5
4699,5
4700,1
4701,5
4702,5
4703,5
4704,1
4705,1
4706,1
4707,3
4708,0
4709,2
4710,2
4711,1
4712,0
4713,5
4714,1
4715,5
4716,2
4717,6
4718,5
4719,2
4720,0
4721,5
4722,6
4723,1
4724,6
4725,5
4726,5
4727,3
4728,4
4729,1
4730,5
4731,6
4732,5
4733,3
4734,5
4735,5
4736,2
4737,6
4738,1
4739,2
4740,1
4741,5
4742,2
4743,6
4744,5
4745,5
4746,4
4747,5
4748,2
4749,0
4750,5
4751,5
4752,1
4753,5
4754,5
4755,1
4756,0
4757,5
4758,5
4759,4
4760,4
4761,1
4762,5
4763,5
4764,3
4765,4
4766,2
4767,4
4768,5
4769,0
4770,0
4771,5
4772,5
4773,0
4774,4
4775,0
4776,2
4777,5
4778,4
4779,1
4780,2
4781,1
4782,2
4783,2
4784,0
4785,2
4786,2
4787,5
4788,3
4789,5
4790,2
4791,0
4792,6
4793,6
4794,5
4795,6
4796,6
4797,2
4798,1
4799,0
4800,2
4801,2
4802,5
4803,3
4804,3
4805,2
4806,5
4807,0
4808,6
4809,4
4810,2
4811,6
4812,0
4813,5
4814,1
4815,5
4816,2
4817,2
4818,1
4819,4
4820,5
4821,1
4822,4
4823,2
4824,5
4825,6
4826,6
4827,6
4828,5
4829,4
4830,5
4831,0
4832,5
4833,5
4834,5
4835,1
4836,5
4837,1
4838,0
4839,5
4840,4
4841,2
4842,5
4843,3
4844,2
4845,5
4846,6
4847,5
4848,3
4849,3
4850,5
4851,0
4852,5
4853,2
4854,4
4855,6
4856,3
4857,5
4858,4
4859,5
4860,3
4861,2
4862,3
4863,2
4864,3
4865,2
4866,5
4867,6
4868,0
4869,5
4870,5
4871,3
4872,4
4873,2
4874,3
4875,5
4876,4
4877,2
4878,5
4879,3
4880,0
4881,5
4882,5
4883,0
4884,4
4885,2
4886,1
4887,2
4888,2
4889,5
4890,5
4891,5
4892,5
4893,2
4894,0
4895,0
4896,2
4897,0
4898,5
4899,3
4900,3
4901,0
4902,3
4903,2
4904,5
4905,1
4906,1
4907,4
4908,2
4909,4
4910,5
4911,1
4912,2
4913,0
4914,2
4915,4
4916,4
4917,5
4918,2
4919,3
4920,6
4921,5
4922,4
4923,5
4924,0
4925,2
4926,3
4927,3
4928,0
4929,1
4930,4
4931,0
4932,5
4933,1
4934,4
4935,6
4936,2
4937,4
4938,5
4939,5
4940,2
4941,4
4942,0
4943,5
4944,2
4945,4
4946,5
4947,5
4948,5
4949,5
4950,2
4951,5
4952,5
4953,5
4954,0
4955,6
4956,2
4957,5
4958,5
4959,2
4960,5
4961,5
4962,5
4963,6
4964,4
4965,2
4966,0
4967,2
4968,4
4969,2
4970,4
4971,0
4972,5
4973,3
4974,5
4975,3
4976,5
4977,4
4978,2
4979,2
4980,2
4981,0
4982,0
4983,5
4984,0
4985,4
4986,6
4987,2
4988,0
4989,6
4990,5
4991,3
4992,0
4993,2
4994,2
4995,5
4996,4
4997,2
4998,2
4999,2
5000,5
5001,5
5002,0
5003,0
5004,2
5005,2
5006,5
5007,1
5008,0
5009,1
5010,2
5011,4
5012,4
5013,0
5014,4
5015,3
5016,1
5017,2
5018,3
5019,5
5020,5
5021,5
5022,5
5023,5
5024,2
5025,0
5026,2
5027,1
5028,5
5029,1
5030,2
5031,1
5032,5
5033,5
5034,5
5035,5
5036,2
5037,6
5038,5
5039,2
5040,2
5041,5
5042,5
5043,5
5044,3
5045,4
5046,5
5047,2
5048,2
5049,6
5050,2
5051,4
5052,5
5053,2
5054,1
5055,6
5056,2
5057,3
5058,0
5059,6
5060,4
5061,2
5062,0
5063,2
5064,1
5065,3
5066,2
5067,2
5068,5
5069,3
5070,5
5071,3
5072,5
5073,5
5074,2
5075,2
5076,4
5077,5
5078,5
5079,2
5080,1
5081,4
5082,5
5083,0
5084,1
5085,1
5086,3
5087,2
5088,2
5089,5
5090,0
5091,4
5092,4
5093,2
5094,5
5095,0
5096,5
5097,2
5098,2
5099,5
5100,5
5101,2
5102,2
5103,3
5104,2
5105,0
5106,6
5107,0
5108,6
5109,5
5110,5
5111,3
5112,6
5113,5
5114,3
5115,2
5116,6
5117,6
5118,5
5119,0
5120,6
5121,6
5122,3
5123,0
5124,0
5125,5
5126,3
5127,5
5128,2
5129,0
5130,2
5131,2
5132,0
5133,5
5134,6
5135,6
5136,4
5137,1
5138,5
5139,6
5140,5
5141,2
5142,1
5143,6
5144,3
5145,3
5146,5
5147,4
5148,5
5149,5
5150,2
5151,2
5152,4
5153,2
5154,5
5155,3
5156,5
5157,3
5158,5
5159,4
5160,5
5161,2
5162,0
5163,3
5164,5
5165,5
5166,5
5167,5
5168,3
5169,3
5170,4
5171,5
5172,5
5173,5
5174,0
5175,3
5176,6
5177,5
5178,4
5179,6
5180,5
5181,6
5182,0
5183,5
5184,2
5185,6
5186,5
5187,3
5188,2
5189,6
5190,6
5191,4
5192,5
5193,1
5194,6
5195,0
5196,0
5197,6
5198,3
5199,5
5200,2
5201,3
5202,1
5203,5
5204,2
5205,2
5206,2
5207,5
5208,1
5209,4
5210,5
5211,6
5212,4
5213,6
5214,2
5215,0
5216,2
5217,5
5218,5
5219,0
5220,6
5221,3
5222,3
5223,5
5224,4
5225,2
5226,5
5227,2
5228,2
5229,6
5230,1
5231,2
5232,2
5233,4
5234,2
5235,0
5236,3
5237,2
5238,3
5239,5
5240,0
5241,1
5242,6
5243,5
5244,1
5245,2
5246,2
5247,5
5248,5
5249,5
5250,1
5251,2
5252,2
5253,5
5254,5
5255,1
5256,4
5257,2
5258,2
5259,6
5260,2
5261,5
5262,2
5263,2
5264,4
5265,2
5266,2
5267,3
5268,2
5269,2
5270,3
5271,2
5272,6
5273,5
5274,3
5275,1
5276,1
5277,2
5278,2
5279,0
5280,2
5281,1
5282,5
5283,6
5284,4
5285,2
5286,6
5287,2
5288,5
5289,2
5290,0
5291,3
5292,2
5293,2
5294,1
5295,5
5296,0
5297,6
5298,5
5299,3
5300,0
5301,1
5302,3
5303,2
5304,6
5305,5
5306,6
5307,4
5308,2
5309,3
5310,0
5311,2
5312,5
5313,2
5314,3
5315,1
5316,5
5317,0
5318,2
5319,5
5320,0
5321,5
5322,1
5323,6
5324,4
5325,2
5326,4
5327,1
5328,6
5329,2
5330,4
5331,3
5332,3
5333,2
5334,6
5335,2
5336,2
5337,0
5338,2
5339,3
5340,5
5341,2
5342,5
5343,4
5344,5
5345,2
5346,6
5347,5
5348,5
5349,6
5350,3
5351,5
5352,0
5353,2
5354,2
5355,4
5356,1
5357,0
5358,2
5359,5
5360,2
5361,5
5362,2
5363,5
5364,5
5365,6
5366,5
5367,3
5368,5
5369,5
5370,1
5371,3
5372,6
5373,1
5374,2
5375,3
5376,2
5377,1
5378,0
5379,2
5380,3
5381,6
5382,2
5383,2
5384,3
5385,1
5386,3
5387,3
5388,1
5389,1
5390,5
5391,2
5392,2
5393,0
5394,1
5395,2
5396,5
5397,2
5398,2
5399,4
5400,5
5401,5
5402,2
5403,1
5404,4
5405,1
5406,0
5407,6
5408,4
5409,4
5410,2
5411,2
5412,6
5413,1
5414,0
5415,6
5416,3
5417,4
5418,4
5419,2
5420,5
5421,4
5422,2
5423,2
5424,2
5425,6
5426,2
5427,4
5428,4
5429,2
5430,2
5431,5
5432,2
5433,2
5434,1
5435,0
5436,4
5437,2
5438,3
5439,5
5440,6
5441,2
5442,0
5443,5
5444,6
5445,6
5446,4
5447,5
5448,5
5449,0
5450,2
5451,4
5452,2
5453,2
5454,3
5455,4
5456,2
5457,2
5458,3
5459,0
5460,3
5461,0
5462,2
5463,3
5464,3
5465,1
5466,0
5467,1
5468,1
5469,2
5470,4
5471,3
5472,3
5473,4
5474,3
5475,5
5476,6
5477,1
5478,2
5479,4
5480,5
5481,2
5482,3
5483,2
5484,3
5485,4
5486,5
5487,1
5488,5
5489,3
5490,2
5491,0
5492,5
5493,2
5494,4
5495,5
5496,5
5497,2
5498,0
5499,2
5500,4
5501,6
5502,2
5503,0
5504,1
5505,4
5506,3
5507,1
5508,4
5509,1
5510,0
5511,2
5512,0
5513,5
5514,5
5515,2
5516,4
5517,0
5518,1
5519,1
5520,6
5521,0
5522,5
5523,0
5524,3
5525,2
5526,4
5527,2
5528,2
5529,2
5530,5
5531,0
5532,0
5533,2
5534,2
5535,2
5536,2
5537,2
5538,6
5539,0
5540,1
5541,5
5542,5
5543,5
5544,5
5545,6
5546,6
5547,2
5548,0
5549,4
5550,5
5551,1
5552,2
5553,1
5554,0
5555,0
5556,1
5557,2
5558,4
5559,2
5560,2
5561,6
5562,0
5563,6
5564,3
5565,6
5566,2
5567,6
5568,3
5569,4
5570,0
5571,3
5572,3
5573,0
5574,2
5575,3
5576,1
5577,0
5578,6
5579,0
5580,6
5581,5
5582,2
5583,4
5584,1
5585,0
5586,6
5587,2
5588,6
5589,4
5590,4
5591,4
5592,2
5593,3
5594,2
5595,6
5596,3
5597,4
5598,5
5599,2
5600,3
5601,0
5602,0
5603,4
5604,3
5605,1
5606,0
5607,6
5608,3
5609,2
5610,3
5611,3
5612,0
5613,3
5614,2
5615,5
5616,3
5617,1
5618,6
5619,2
5620,2
5621,3
5622,3
5623,6
5624,2
5625,6
5626,5
5627,5
5628,2
5629,5
5630,3
5631,3
5632,3
5633,4
5634,2
5635,5
5636,6
5637,4
5638,6
5639,5
5640,2
5641,2
5642,4
5643,0
5644,4
5645,0
5646,2
5647,2
5648,5
5649,2
5650,2
5651,0
5652,5
5653,4
5654,3
5655,5
5656,0
5657,4
5658,5
5659,4
5660,0
5661,5
5662,2
5663,0
5664,4
5665,2
5666,4
5667,2
5668,2
5669,0
5670,1
5671,6
5672,5
5673,6
5674,0
5675,1
5676,6
5677,6
5678,5
5679,2
5680,3
5681,1
5682,4
5683,6
5684,6
5685,6
5686,3
5687,2
5688,0
5689,5
5690,2
5691,1
5692,2
5693,2
5694,6
5695,4
5696,4
5697,4
5698,4
5699,4
5700,0
5701,1
5702,5
5703,2
5704,2
5705,5
5706,0
5707,5
5708,2
5709,3
5710,3
5711,1
5712,2
5713,2
5714,2
5715,2
5716,5
5717,4
5718,0
5719,4
5720,3
5721,2
5722,2
5723,2
5724,1
5725,6
5726,2
5727,6
5728,0
5729,2
5730,4
5731,3
5732,1
5733,6
5734,5
5735,2
5736,2
5737,1
5738,0
5739,2
5740,6
5741,3
5742,5
5743,4
5744,5
5745,1
5746,2
5747,2
5748,4
5749,5
5750,5
5751,2
5752,5
5753,2
5754,1
5755,2
5756,6
5757,0
5758,0
5759,4
5760,1
5761,3
5762,0
5763,1
5764,6
5765,6
5766,1
5767,6
5768,1
5769,4
5770,2
5771,2
5772,4
5773,1
5774,2
5775,0
5776,1
5777,4
5778,2
5779,5
5780,6
5781,3
5782,3
5783,1
5784,0
5785,2
5786,4
5787,3
5788,5
5789,2
5790,5
5791,5
5792,5
5793,1
5794,3
5795,5
5796,0
5797,3
5798,1
5799,3
5800,2
5801,6
5802,1
5803,2
5804,1
5805,3
5806,2
5807,0
5808,2
5809,4
5810,6
5811,6
5812,2
5813,3
5814,2
5815,3
5816,1
5817,0
5818,0
5819,0
5820,0
5821,3
5822,2
5823,3
5824,2
5825,2
5826,2
5827,5
5828,2
5829,4
5830,5
5831,2
5832,4
5833,0
5834,0
5835,3
5836,5
5837,0
5838,5
5839,2
5840,5
5841,4
5842,2
5843,2
5844,2
5845,3
5846,3
5847,4
5848,4
5849,0
5850,6
5851,3
5852,6
5853,2
5854,2
5855,4
5856,2
5857,5
5858,2
5859,2
5860,0
5861,4
5862,1
5863,2
5864,0
5865,5
5866,6
5867,3
5868,2
5869,2
5870,1
5871,5
5872,6
5873,5
5874,3
5875,2
5876,2
5877,5
5878,6
5879,1
5880,2
5881,5
5882,2
5883,2
5884,2
5885,4
5886,5
5887,2
5888,1
5889,5
5890,2
5891,3
5892,3
5893,2
5894,0
5895,6
5896,2
5897,2
5898,5
5899,5
5900,2
5901,6
5902,2
5903,2
5904,4
5905,2
5906,2
5907,3
5908,4
5909,0
5910,1
5911,4
5912,2
5913,2
5914,2
5915,4
5916,2
5917,5
5918,4
5919,2
5920,2
5921,5
5922,0
5923,0
5924,5
5925,5
5926,5
5927,4
5928,5
5929,6
5930,4
5931,2
5932,5
5933,0
5934,5
5935,0
5936,4
5937,5
5938,3
5939,6
5940,3
5941,2
5942,6
5943,3
5944,0
5945,4
5946,2
5947,4
5948,3
5949,6
5950,5
5951,4
5952,2
5953,3
5954,2
5955,4
5956,6
5957,0
5958,2
5959,0
5960,2
5961,0
5962,0
5963,1
5964,2
5965,5
5966,1
5967,2
5968,5
5969,5
5970,2
5971,2
5972,6
5973,2
5974,2
5975,2
5976,5
5977,5
5978,3
5979,2
5980,3
5981,4
5982,4
5983,2
5984,6
5985,2
5986,0
5987,2
5988,1
5989,3
5990,4
5991,3
5992,4
5993,0
5994,0
5995,4
5996,3
5997,0
5998,4
5999,4
6000,3
6001,2
6002,6
6003,1
6004,6
6005,2
6006,5
6007,1
6008,5
6009,5
6010,6
6011,5
6012,5
6013,2
6014,5
6015,2
6016,3
6017,5
6018,3
6019,5
6020,2
6021,1
6022,3
6023,2
6024,1
6025,4
6026,2
6027,3
6028,0
6029,5
6030,2
6031,5
6032,5
6033,5
6034,3
6035,6
6036,2
6037,6
6038,4
6039,1
6040,2
6041,6
6042,3
6043,3
6044,5
6045,5
6046,2
6047,4
6048,5
6049,4
6050,5
6051,5
6052,2
6053,5
6054,4
6055,5
6056,2
6057,4
6058,5
6059,0
6060,2
6061,0
6062,2
6063,3
6064,2
6065,1
6066,3
6067,3
6068,2
6069,5
6070,3
6071,3
6072,4
6073,4
6074,1
6075,4
6076,5
6077,1
6078,2
6079,3
6080,5
6081,3
6082,2
6083,4
6084,4
6085,2
6086,5
6087,2
6088,5
6089,4
6090,6
6091,0
6092,3
6093,6
6094,2
6095,5
6096,6
6097,4
6098,6
6099,5
6100,2
6101,0
6102,3
6103,4
6104,2
6105,6
6106,3
6107,4
6108,2
6109,5
6110,4
6111,3
6112,2
6113,6
6114,6
6115,3
6116,0
6117,2
6118,0
6119,2
6120,2
6121,2
6122,1
6123,6
6124,3
6125,3
6126,5
6127,2
6128,2
6129,3
6130,2
6131,4
6132,4
6133,2
6134,5
6135,4
6136,0
6137,2
6138,3
6139,4
6140,5
6141,5
6142,4
6143,2
6144,2
6145,1
6146,6
6147,0
6148,2
6149,0
6150,0
6151,4
6152,4
6153,6
6154,4
6155,4
6156,6
6157,6
6158,0
6159,4
6160,6
6161,3
6162,3
6163,6
6164,0
6165,2
6166,1
6167,2
6168,5
6169,2
6170,0
6171,1
6172,2
6173,3
6174,4
6175,5
6176,5
6177,3
6178,6
6179,0
6180,2
6181,4
6182,0
6183,2
6184,4
6185,3
6186,2
6187,1
6188,2
6189,0
6190,1
6191,6
6192,3
6193,3
6194,5
6195,5
6196,2
6197,6
6198,1
6199,3
6200,2
6201,1
6202,0
6203,6
6204,2
6205,6
6206,4
6207,6
6208,0
6209,5
6210,4
6211,1
6212,2
6213,3
6214,4
6215,2
6216,4
6217,4
6218,2
6219,4
6220,1
6221,3
6222,5
6223,2
6224,2
6225,2
6226,2
6227,2
6228,2
6229,2
6230,3
6231,2
6232,3
6233,5
6234,3
6235,2
6236,5
6237,5
6238,3
6239,5
6240,4
6241,5
6242,5
6243,2
6244,3
6245,5
6246,0
6247,1
6248,4
6249,3
6250,5
6251,4
6252,2
6253,0
6254,2
6255,2
6256,2
6257,1
6258,1
6259,4
6260,2
6261,2
6262,2
6263,4
6264,0
6265,2
6266,4
6267,0
6268,0
6269,1
6270,5
6271,2
6272,0
6273,6
6274,3
6275,4
6276,5
6277,2
6278,1
6279,6
6280,6
6281,6
6282,0
6283,4
6284,6
6285,2
6286,2
6287,2
6288,0
6289,0
6290,2
6291,0
6292,4
6293,5
6294,0
6295,4
6296,3
6297,4
6298,5
6299,5
6300,3
6301,2
6302,2
6303,2
6304,5
6305,4
6306,5
6307,6
6308,5
6309,2
6310,4
6311,1
6312,2
6313,5
6314,3
6315,2
6316,2
6317,4
6318,1
6319,6
6320,5
6321,6
6322,6
6323,2
6324,1
6325,3
6326,2
6327,2
6328,5
6329,4
6330,6
6331,4
6332,0
6333,3
6334,1
6335,0
6336,0
6337,5
6338,4
6339,2
6340,2
6341,5
6342,4
6343,2
6344,2
6345,2
6346,2
6347,6
6348,3
6349,2
6350,2
6351,2
6352,0
6353,0
6354,4
6355,1
6356,4
6357,6
6358,2
6359,3
6360,3
6361,4
6362,0
6363,4
6364,5
6365,0
6366,4
6367,2
6368,4
6369,4
6370,2
6371,2
6372,4
6373,3
6374,4
6375,6
6376,0
6377,2
6378,0
6379,4
6380,4
6381,0
6382,5
6383,4
6384,1
6385,2
6386,1
6387,2
6388,6
6389,6
6390,1
6391,2
6392,3
6393,0
6394,1
6395,3
6396,2
6397,2
6398,4
6399,5
6400,4
6401,0
6402,5
6403,4
6404,5
6405,4
6406,2
6407,2
6408,2
6409,5
6410,2
6411,5
6412,5
6413,4
6414,0
6415,0
6416,4
6417,1
6418,2
6419,2
6420,4
6421,4
6422,3
6423,4
6424,0
6425,6
6426,1
6427,5
6428,5
6429,2
6430,2
6431,2
6432,5
6433,5
6434,4
6435,1
6436,2
6437,4
6438,5
6439,2
6440,6
6441,2
6442,6
6443,6
6444,0
6445,1
6446,4
6447,0
6448,3
6449,2
6450,2
6451,2
6452,1
6453,6
6454,4
6455,2
6456,2
6457,2
6458,4
6459,6
6460,3
6461,2
6462,5
6463,5
6464,0
6465,6
6466,0
6467,6
6468,4
6469,2
6470,0
6471,2
6472,3
6473,2
6474,6
6475,2
6476,2
6477,0
6478,4
6479,0
6480,2
6481,2
6482,2
6483,2
6484,6
6485,1
6486,3
6487,4
6488,0
6489,2
6490,3
6491,2
6492,6
6493,2
6494,3
6495,6
6496,4
6497,0
6498,3
6499,5
6500,2
6501,6
6502,6
6503,2
6504,5
6505,2
6506,1
6507,2
6508,0
6509,4
6510,2
6511,1
6512,2
6513,0
6514,4
6515,0
6516,1
6517,2
6518,1
6519,0
6520,6
6521,4
6522,1
6523,0
6524,2
6525,5
6526,0
6527,4
6528,2
6529,1
6530,2
6531,0
6532,6
6533,2
6534,3
6535,6
6536,3
6537,2
6538,4
6539,1
6540,2
6541,2
6542,4
6543,2
6544,1
6545,3
6546,1
6547,3
6548,3
6549,0
6550,3
6551,2
6552,2
6553,0
6554,3
6555,2
6556,5
6557,2
6558,0
6559,4
6560,4
6561,5
6562,2
6563,0
6564,4
6565,0
6566,5
6567,6
6568,6
6569,0
6570,6
6571,4
6572,2
6573,2
6574,6
6575,2
6576,4
6577,5
6578,4
6579,6
6580,5
6581,6
6582,2
6583,2
6584,1
6585,2
6586,2
6587,2
6588,2
6589,2
6590,4
6591,4
6592,3
6593,2
6594,3
6595,0
6596,3
6597,3
6598,0
6599,0
6600,1
6601,3
6602,1
6603,3
6604,3
6605,4
6606,1
6607,2
6608,3
6609,3
6610,2
6611,2
6612,2
6613,3
6614,6
6615,2
6616,2
6617,2
6618,5
6619,2
6620,4
6621,0
6622,6
6623,4
6624,2
6625,6
6626,6
6627,1
6628,4
6629,2
6630,6
6631,0
6632,2
6633,5
6634,2
6635,2
6636,0
6637,1
6638,6
6639,3
6640,2
6641,2
6642,0
6643,3
6644,2
6645,2
6646,0
6647,3
6648,2
6649,0
6650,2
6651,2
6652,4
6653,6
6654,4
6655,3
6656,5
6657,4
6658,6
6659,5
6660,5
6661,3
6662,2
6663,4
6664,6
6665,2
6666,5
6667,4
6668,0
6669,2
6670,5
6671,0
6672,1
6673,2
6674,2
6675,2
6676,2
6677,4
6678,4
6679,1
6680,2
6681,4
6682,0
6683,6
6684,0
6685,1
6686,2
6687,2
6688,0
6689,2
6690,2
6691,1
6692,3
6693,1
6694,1
6695,2
6696,1
6697,0
6698,5
6699,2
6700,3
6701,3
6702,0
6703,0
6704,3
6705,4
6706,2
6707,2
6708,0
6709,6
6710,0
6711,6
6712,2
6713,3
6714,2
6715,6
6716,2
6717,3
6718,2
6719,2
6720,5
6721,3
6722,2
6723,4
6724,2
6725,2
6726,5
6727,6
6728,6
6729,5
6730,6
6731,4
6732,0
6733,0
6734,3
6735,2
6736,6
6737,0
6738,0
6739,4
6740,4
6741,0
6742,4
6743,0
6744,4
6745,0
6746,0
6747,4
6748,0
6749,4
6750,2
6751,4
6752,6
6753,4
6754,6
6755,3
6756,6
6757,1
6758,4
6759,3
6760,4
6761,6
6762,0
6763,5
6764,0
6765,2
6766,3
6767,0
6768,2
6769,2
6770,2
6771,0
6772,4
6773,5
6774,3
6775,2
6776,4
6777,0
6778,3
6779,6
6780,3
6781,5
6782,0
6783,5
6784,2
6785,3
6786,5
6787,4
6788,4
6789,5
6790,3
6791,4
6792,4
6793,2
6794,4
6795,2
6796,2
6797,4
6798,2
6799,3
6800,2
6801,5
6802,3
6803,3
6804,3
6805,0
6806,4
6807,2
6808,4
6809,4
6810,1
6811,4
6812,0
6813,5
6814,2
6815,4
6816,5
6817,5
6818,5
6819,0
6820,1
6821,6
6822,6
6823,4
6824,3
6825,0
6826,5
6827,2
6828,3
6829,2
6830,4
6831,2
6832,4
6833,3
6834,2
6835,0
6836,1
6837,0
6838,6
6839,3
6840,6
6841,4
6842,2
6843,0
6844,5
6845,2
6846,5
6847,2
6848,2
6849,6
6850,2
6851,0
6852,6
6853,5
6854,2
6855,6
6856,6
6857,0
6858,2
6859,0
6860,4
6861,4
6862,0
6863,4
6864,5
6865,0
6866,6
6867,3
6868,6
6869,0
6870,2
6871,4
6872,6
6873,2
6874,2
6875,4
6876,5
6877,2
6878,4
6879,5
6880,5
6881,5
6882,0
6883,4
6884,4
6885,4
6886,4
6887,4
6888,0
6889,0
6890,2
6891,4
6892,2
6893,0
6894,5
6895,6
6896,6
6897,5
6898,3
6899,6
6900,2
6901,6
6902,0
6903,2
6904,0
6905,0
6906,0
6907,1
6908,2
6909,2
6910,0
6911,1
6912,0
6913,3
6914,4
6915,2
6916,4
6917,1
6918,1
6919,3
6920,0
6921,6
6922,1
6923,3
6924,3
6925,4
6926,0
6927,0
6928,1
6929,3
6930,2
6931,4
6932,3
6933,1
6934,6
6935,2
6936,4
6937,3
6938,6
6939,4
6940,3
6941,0
6942,4
6943,3
6944,2
6945,1
6946,0
6947,0
6948,4
6949,4
6950,1
6951,1
6952,3
6953,0
6954,2
6955,5
6956,2
6957,6
6958,2
6959,2
6960,2
6961,2
6962,0
6963,3
6964,2
6965,3
6966,4
6967,0
6968,2
6969,2
6970,3
6971,2
6972,4
6973,4
6974,0
6975,6
6976,6
6977,6
6978,4
6979,4
6980,5
6981,1
6982,0
6983,4
6984,2
6985,1
6986,6
6987,4
6988,1
6989,4
6990,4
6991,5
6992,6
6993,5
6994,5
6995,5
6996,0
6997,5
6998,6
6999,1
7000,6
7001,5
7002,2
7003,5
7004,6
7005,4
7006,0
7007,6
7008,6
7009,0
7010,6
7011,6
7012,2
7013,5
7014,2
7015,3
7016,6
7017,5
7018,6
7019,2
7020,3
7021,1
7022,1
7023,5
7024,4
7025,2
7026,4
7027,2
7028,0
7029,2
7030,6
7031,4
7032,6
7033,2
7034,2
7035,0
7036,2
7037,2
7038,6
7039,3
7040,2
7041,0
7042,4
7043,6
7044,6
7045,6
7046,2
7047,2
7048,0
7049,3
7050,2
7051,5
7052,0
7053,0
7054,2
7055,1
7056,6
7057,2
7058,4
7059,5
7060,1
7061,6
7062,0
7063,3
7064,4
7065,3
7066,3
7067,3
7068,5
7069,5
7070,2
7071,4
7072,6
7073,2
7074,4
7075,2
7076,2
7077,2
7078,1
7079,2
7080,2
7081,1
7082,1
7083,4
7084,5
7085,2
7086,3
7087,2
7088,3
7089,0
7090,1
7091,2
7092,2
7093,2
7094,2
7095,4
7096,2
7097,2
7098,2
7099,3
7100,2
7101,2
7102,0
7103,3
7104,6
7105,3
7106,3
7107,3
7108,3
7109,4
7110,4
7111,1
7112,0
7113,3
7114,2
7115,0
7116,4
7117,6
7118,0
7119,3
7120,5
7121,2
7122,2
7123,2
7124,5
7125,4
7126,2
7127,1
7128,3
7129,1
7130,3
7131,5
7132,2
7133,3
7134,0
7135,4
7136,0
7137,3
7138,0
7139,0
7140,2
7141,0
7142,4
7143,6
7144,6
7145,2
7146,2
7147,3
7148,5
7149,0
7150,3
7151,2
7152,6
7153,5
7154,5
7155,2
7156,3
7157,5
7158,3
7159,5
7160,2
7161,5
7162,6
7163,6
7164,3
7165,0
7166,5
7167,3
7168,4
7169,5
7170,5
7171,0
7172,2
7173,3
7174,0
7175,3
7176,5
7177,0
7178,3
7179,3
7180,3
7181,3
7182,6
7183,3
7184,4
7185,5
7186,6
7187,1
7188,3
7189,4
7190,5
7191,2
7192,6
7193,3
7194,4
7195,5
7196,5
7197,4
7198,2
7199,5
7200,5
7201,3
7202,1
7203,1
7204,5
7205,4
7206,6
7207,2
7208,4
7209,2
7210,4
7211,1
7212,1
7213,3
7214,4
7215,1
7216,6
7217,1
7218,4
7219,4
7220,2
7221,0
7222,6
7223,2
7224,0
7225,2
7226,4
7227,0
7228,4
7229,4
7230,6
7231,2
7232,2
7233,5
7234,6
7235,2
7236,0
7237,2
7238,2
7239,5
7240,5
7241,0
7242,5
7243,6
7244,3
7245,1
7246,3
7247,6
7248,5
7249,6
7250,6
7251,2
7252,4
7253,4
7254,2
7255,4
7256,3
7257,3
7258,1
7259,2
7260,1
7261,2
7262,5
7263,0
7264,6
7265,3
7266,4
7267,5
7268,1
7269,1
7270,4
7271,4
7272,1
7273,3
7274,2
7275,3
7276,2
7277,5
7278,3
7279,3
7280,3
7281,0
7282,0
7283,2
7284,3
7285,0
7286,2
7287,3
7288,2
7289,2
7290,3
7291,0
7292,3
7293,3
7294,1
7295,2
7296,3
7297,5
7298,1
7299,6
7300,1
7301,0
7302,0
7303,4
7304,1
7305,1
7306,4
7307,1
7308,0
7309,6
7310,0
7311,6
7312,1
7313,0
7314,1
7315,3
7316,1
7317,2
7318,3
7319,0
7320,0
7321,1
7322,1
7323,3
7324,5
7325,2
7326,4
7327,6
7328,2
7329,2
7330,6
7331,0
7332,0
7333,0
7334,3
7335,0
7336,2
7337,3
7338,5
7339,3
7340,3
7341,2
7342,2
7343,4
7344,0
7345,5
7346,1
7347,2
7348,6
7349,2
7350,2
7351,4
7352,2
7353,4
7354,0
7355,5
7356,5
7357,1
7358,2
7359,2
7360,3
7361,2
7362,2
7363,2
7364,5
7365,2
7366,4
7367,5
7368,4
7369,4
7370,2
7371,4
7372,3
7373,0
7374,1
7375,2
7376,1
7377,0
7378,3
7379,0
7380,3
7381,0
7382,0
7383,3
7384,0
7385,4
7386,2
7387,2
7388,4
7389,5
7390,2
7391,2
7392,2
7393,2
7394,0
7395,3
7396,5
7397,5
7398,2
7399,5
7400,3
7401,6
7402,2
7403,2
7404,2
7405,1
7406,3
7407,2
7408,3
7409,0
7410,1
7411,0
7412,3
7413,3
7414,2
7415,2
7416,3
7417,3
7418,0
7419,3
7420,3
7421,6
7422,1
7423,0
7424,6
7425,2
7426,6
7427,6
7428,0
7429,2
7430,2
7431,3
7432,0
7433,6
7434,1
7435,0
7436,4
7437,0
7438,0
7439,4
7440,0
7441,3
7442,1
7443,5
7444,3
7445,6
7446,3
7447,3
7448,2
7449,2
7450,3
7451,3
7452,3
7453,4
7454,2
7455,5
7456,1
7457,2
7458,4
7459,1
7460,5
7461,6
7462,0
7463,3
7464,3
7465,2
7466,2
7467,1
7468,2
7469,5
7470,5
7471,5
7472,2
7473,4
7474,6
7475,1
7476,3
7477,2
7478,2
7479,3
7480,3
7481,3
7482,0
7483,5
7484,3
7485,0
7486,3
7487,2
7488,2
7489,2
7490,6
7491,6
7492,4
7493,2
7494,6
7495,4
7496,3
7497,1
7498,6
7499,3
7500,0
7501,0
7502,2
7503,0
7504,0
7505,0
7506,0
7507,4
7508,2
7509,1
7510,3
7511,0
7512,2
7513,5
7514,4
7515,5
7516,6
7517,0
7518,2
7519,2
7520,1
7521,2
7522,2
7523,2
7524,3
7525,5
7526,3
7527,5
7528,0
7529,4
7530,2
7531,0
7532,0
7533,6
7534,5
7535,2
7536,1
7537,2
7538,2
7539,0
7540,0
7541,0
7542,2
7543,3
7544,2
7545,5
7546,0
7547,6
7548,2
7549,3
7550,0
7551,2
7552,3
7553,5
7554,4
7555,6
7556,2
7557,0
7558,5
7559,1
7560,2
7561,1
7562,0
7563,3
7564,4
7565,2
7566,0
7567,0
7568,3
7569,0
7570,6
7571,3
7572,4
7573,2
7574,2
7575,6
7576,0
7577,6
7578,4
7579,2
7580,0
7581,0
7582,1
7583,6
7584,4
7585,4
7586,2
7587,4
7588,3
7589,2
7590,4
7591,1
7592,4
7593,3
7594,6
7595,5
7596,3
7597,5
7598,3
7599,5
7600,2
7601,2
7602,2
7603,4
7604,0
7605,2
7606,2
7607,0
7608,5
7609,3
7610,2
7611,4
7612,3
7613,0
7614,3
7615,2
7616,6
7617,3
7618,2
7619,5
7620,2
7621,6
7622,1
7623,4
7624,2
7625,2
7626,0
7627,1
7628,1
7629,1
7630,1
7631,3
7632,2
7633,5
7634,1
7635,5
7636,2
7637,0
7638,3
7639,2
7640,2
7641,6
7642,0
7643,6
7644,6
7645,0
7646,3
7647,5
7648,6
7649,2
7650,2
7651,4
7652,2
7653,0
7654,2
7655,6
7656,2
7657,3
7658,6
7659,3
7660,5
7661,0
7662,4
7663,2
7664,2
7665,0
7666,3
7667,0
7668,5
7669,4
7670,5
7671,0
7672,5
7673,5
7674,0
7675,6
7676,6
7677,3
7678,5
7679,0
7680,3
7681,6
7682,0
7683,2
7684,6
7685,5
7686,3
7687,3
7688,0
7689,0
7690,6
7691,3
7692,3
7693,2
7694,1
7695,6
7696,2
7697,4
7698,2
7699,2
7700,2
7701,1
7702,0
7703,3
7704,2
7705,3
7706,0
7707,3
7708,0
7709,3
7710,4
7711,0
7712,0
7713,4
7714,1
7715,0
7716,5
7717,2
7718,6
7719,2
7720,1
7721,1
7722,0
7723,5
7724,2
7725,1
7726,2
7727,3
7728,5
7729,3
7730,6
7731,6
7732,6
7733,0
7734,4
7735,3
7736,2
7737,3
7738,3
7739,6
7740,3
7741,0
7742,3
7743,2
7744,3
7745,4
7746,3
7747,3
7748,2
7749,4
7750,0
7751,5
7752,6
7753,6
7754,2
7755,4
7756,4
7757,6
7758,0
7759,2
7760,3
7761,3
7762,4
7763,4
7764,2
7765,0
7766,4
7767,3
7768,1
7769,4
7770,3
7771,2
7772,1
7773,5
7774,4
7775,0
7776,4
7777,2
7778,4
7779,5
7780,5
7781,2
7782,5
7783,3
7784,1
7785,2
7786,2
7787,0
7788,2
7789,0
7790,1
7791,3
7792,2
7793,5
7794,4
7795,2
7796,2
7797,4
7798,2
7799,2
7800,0
7801,2
7802,5
7803,2
7804,2
7805,0
7806,6
7807,1
7808,1
7809,2
7810,0
7811,0
7812,4
7813,0
7814,5
7815,2
7816,4
7817,3
7818,3
7819,0
7820,3
7821,1
7822,4
7823,0
7824,2
7825,2
7826,6
7827,4
7828,1
7829,1
7830,6
7831,1
7832,2
7833,4
7834,4
7835,0
7836,4
7837,0
7838,4
7839,4
7840,4
7841,6
7842,2
7843,0
7844,2
7845,2
7846,0
7847,0
7848,0
7849,6
7850,4
7851,2
7852,4
7853,0
7854,4
7855,4
7856,2
7857,6
7858,0
7859,4
7860,0
7861,2
7862,0
7863,6
7864,4
7865,0
7866,6
7867,0
7868,0
7869,3
7870,3
7871,0
7872,2
7873,0
7874,2
7875,0
7876,0
7877,0
7878,4
7879,0
7880,0
7881,4
7882,4
7883,4
7884,3
7885,2
7886,4
7887,2
7888,6
7889,3
7890,4
7891,6
7892,0
7893,2
7894,0
7895,0
7896,2
7897,2
7898,6
7899,4
7900,0
7901,4
7902,2
7903,0
7904,0
7905,0
7906,4
7907,6
7908,0
7909,4
7910,0
7911,4
7912,4
7913,3
7914,0
7915,3
7916,2
7917,4
7918,2
7919,6
7920,3
7921,4
7922,0
7923,4
7924,6
7925,6
7926,3
7927,6
7928,4
7929,4
7930,4
7931,3
7932,0
7933,3
7934,0
7935,0
7936,4
7937,0
7938,3
7939,3
7940,6
7941,3
7942,4
7943,0
7944,4
7945,6
7946,2
7947,4
7948,0
7949,2
7950,2
7951,0
7952,0
7953,4
7954,4
7955,4
7956,4
7957,6
7958,0
7959,0
7960,4
7961,4
7962,3
7963,3
7964,0
7965,4
7966,2
7967,2
7968,3
7969,6
7970,6
7971,4
7972,4
7973,2
7974,0
7975,0
7976,2
7977,0
7978,2
7979,0
7980,6
7981,0
7982,0
7983,0
7984,0
7985,0
7986,3
7987,5
7988,2
7989,3
7990,2
7991,4
7992,4
7993,0
7994,5
7995,2
7996,0
7997,2
7998,3
7999,3
8000,2
8001,2
8002,5
8003,2
8004,3
8005,1
8006,2
8007,1
8008,3
8009,4
8010,5
8011,2
8012,2
8013,5
8014,5
8015,3
8016,2
8017,3
8018,5
8019,4
8020,5
8021,2
8022,5
8023,4
8024,4
8025,2
8026,4
8027,6
8028,2
8029,3
8030,1
8031,1
8032,5
8033,1
8034,2
8035,6
8036,2
8037,3
8038,2
8039,1
8040,2
8041,5
8042,1
8043,5
8044,2
8045,6
8046,4
8047,3
8048,1
8049,2
8050,1
8051,2
8052,4
8053,0
8054,6
8055,4
8056,5
8057,5
8058,5
8059,5
8060,3
8061,3
8062,4
8063,2
8064,5
8065,2
8066,0
8067,0
8068,2
8069,0
8070,2
8071,3
8072,6
8073,0
8074,5
8075,2
8076,0
8077,0
8078,0
8079,5
8080,0
8081,2
8082,0
8083,2
8084,2
8085,2
8086,4
8087,2
8088,4
8089,0
8090,5
8091,0
8092,3
8093,4
8094,4
8095,5
8096,2
8097,1
8098,2
8099,0
8100,5
8101,5
8102,2
8103,0
8104,5
8105,4
8106,2
8107,4
8108,5
8109,2
8110,3
8111,3
8112,5
8113,3
8114,0
8115,2
8116,3
8117,4
8118,3
8119,4
8120,6
8121,6
8122,4
8123,4
8124,2
8125,3
8126,0
8127,5
8128,0
8129,6
8130,4
8131,0
8132,3
8133,0
8134,0
8135,4
8136,0
8137,2
8138,4
8139,3
8140,3
8141,4
8142,6
8143,4
8144,4
8145,4
8146,6
8147,4
8148,6
8149,2
8150,6
8151,4
8152,4
8153,0
8154,6
8155,0
8156,0
8157,0
8158,4
8159,6
8160,2
8161,6
8162,6
8163,6
8164,4
8165,0
8166,6
8167,3
8168,4
8169,4
8170,0
8171,0
8172,0
8173,3
8174,6
8175,0
8176,0
8177,2
8178,6
8179,4
8180,6
8181,4
8182,4
8183,0
8184,4
8185,0
8186,4
8187,4
8188,6
8189,4
8190,0
8191,1
8192,2
8193,4
8194,2
8195,0
8196,2
8197,3
8198,1
8199,6
8200,2
8201,3
8202,4
8203,3
8204,3
8205,4
8206,0
8207,0
8208,2
8209,4
8210,6
8211,5
8212,2
8213,2
8214,0
8215,5
8216,2
8217,2
8218,5
8219,1
8220,4
8221,3
8222,0
8223,3
8224,2
8225,0
8226,2
8227,1
8228,2
8229,5
8230,3
8231,2
8232,3
8233,1
8234,6
8235,4
8236,2
8237,2
8238,5
8239,2
8240,4
8241,3
8242,3
8243,1
8244,3
8245,2
8246,2
8247,2
8248,0
8249,3
8250,0
8251,2
8252,2
8253,0
8254,2
8255,2
8256,3
8257,3
8258,5
8259,6
8260,5
8261,0
8262,2
8263,3
8264,2
8265,0
8266,1
8267,6
8268,0
8269,2
8270,5
8271,3
8272,1
8273,2
8274,0
8275,4
8276,5
8277,0
8278,4
8279,3
8280,3
8281,4
8282,6
8283,6
8284,4
8285,4
8286,0
8287,6
8288,5
8289,2
8290,5
8291,2
8292,3
8293,4
8294,4
8295,0
8296,0
8297,1
8298,2
8299,5
8300,5
8301,0
8302,3
8303,3
8304,4
8305,4
8306,3
8307,4
8308,4
8309,3
8310,3
8311,2
8312,2
8313,2
8314,3
8315,0
8316,5
8317,6
8318,4
8319,6
8320,0
8321,1
8322,2
8323,5
8324,5
8325,4
8326,5
8327,0
8328,0
8329,5
8330,2
8331,2
8332,2
8333,0
8334,2
8335,2
8336,3
8337,2
8338,2
8339,5
8340,2
8341,2
8342,3
8343,5
8344,5
8345,3
8346,6
8347,5
8348,4
8349,2
8350,2
8351,5
8352,2
8353,2
8354,2
8355,2
8356,2
8357,4
8358,2
8359,2
8360,2
8361,3
8362,3
8363,3
8364,2
8365,0
8366,2
8367,0
8368,0
8369,0
8370,2
8371,1
8372,6
8373,5
8374,1
8375,0
8376,1
8377,4
8378,5
8379,5
8380,4
8381,3
8382,3
8383,0
8384,5
8385,5
8386,5
8387,5
8388,4
8389,3
8390,5
8391,3
8392,4
8393,6
8394,4
8395,2
8396,2
8397,2
8398,0
8399,2
8400,2
8401,3
8402,1
8403,0
8404,0
8405,6
8406,0
8407,1
8408,1
8409,0
8410,5
8411,3
8412,5
8413,2
8414,5
8415,3
8416,6
8417,2
8418,3
8419,3
8420,3
8421,0
8422,3
8423,3
8424,3
8425,2
8426,4
8427,0
8428,6
8429,3
8430,3
8431,3
8432,2
8433,3
8434,5
8435,3
8436,1
8437,5
8438,3
8439,3
8440,2
8441,3
8442,1
8443,3
8444,4
8445,0
8446,4
8447,3
8448,3
8449,2
8450,0
8451,3
8452,6
8453,3
8454,4
8455,0
8456,5
8457,1
8458,4
8459,3
8460,5
8461,2
8462,2
8463,0
8464,5
8465,2
8466,2
8467,2
8468,1
8469,2
8470,2
8471,1
8472,2
8473,2
8474,3
8475,1
8476,3
8477,4
8478,4
8479,2
8480,1
8481,1
8482,6
8483,4
8484,0
8485,3
8486,5
8487,6
8488,2
8489,6
8490,0
8491,0
8492,4
8493,6
8494,2
8495,0
8496,6
8497,2
8498,4
8499,2
8500,5
8501,0
8502,4
8503,4
8504,4
8505,4
8506,5
8507,4
8508,4
8509,4
8510,4
8511,4
8512,4
8513,0
8514,4
8515,2
8516,4
8517,1
8518,4
8519,2
8520,2
8521,2
8522,3
8523,6
8524,3
8525,5
8526,3
8527,3
8528,3
8529,3
8530,2
8531,3
8532,3
8533,3
8534,0
8535,3
8536,2
8537,0
8538,0
8539,3
8540,0
8541,3
8542,3
8543,3
8544,3
8545,4
8546,3
8547,2
8548,3
8549,3
8550,0
8551,3
8552,0
8553,2
8554,5
8555,0
8556,2
8557,6
8558,3
8559,6
8560,6
8561,3
8562,2
8563,1
8564,2
8565,2
8566,3
8567,2
8568,3
8569,3
8570,4
8571,3
8572,6
8573,0
8574,6
8575,3
8576,3
8577,2
8578,6
8579,1
8580,2
8581,0
8582,2
8583,4
8584,3
8585,6
8586,3
8587,3
8588,4
8589,4
8590,4
8591,4
8592,6
8593,4
8594,2
8595,1
8596,4
8597,2
8598,3
8599,3
8600,6
8601,2
8602,2
8603,1
8604,2
8605,5
8606,6
8607,0
8608,2
8609,0
8610,0
8611,2
8612,0
8613,0
8614,6
8615,5
8616,3
8617,2
8618,0
8619,0
8620,2
8621,3
8622,0
8623,3
8624,3
8625,0
8626,0
8627,3
8628,0
8629,2
8630,0
8631,5
8632,3
8633,1
8634,2
8635,2
8636,2
8637,5
8638,3
8639,2
8640,3
8641,2
8642,2
8643,6
8644,1
8645,2
8646,4
8647,2
8648,5
8649,4
8650,3
8651,1
8652,3
8653,2
8654,1
8655,5
8656,1
8657,4
8658,0
8659,5
8660,2
8661,5
8662,2
8663,6
8664,2
8665,6
8666,2
8667,1
8668,2
8669,0
8670,2
8671,4
8672,1
8673,2
8674,4
8675,0
8676,5
8677,6
8678,1
8679,6
8680,5
8681,6
8682,0
8683,6
8684,2
8685,6
8686,0
8687,4
8688,5
8689,3
8690,1
8691,0
8692,2
8693,0
8694,2
8695,2
8696,6
8697,5
8698,1
8699,2
8700,2
8701,2
8702,2
8703,3
8704,2
8705,2
8706,2
8707,2
8708,5
8709,6
8710,2
8711,2
8712,2
8713,4
8714,5
8715,5
8716,5
8717,4
8718,5
8719,2
8720,0
8721,5
8722,3
8723,4
8724,4
8725,2
8726,4
8727,5
8728,1
8729,5
8730,1
8731,1
8732,1
8733,2
8734,4
8735,1
8736,1
8737,1
8738,3
8739,3
8740,0
8741,6
8742,1
8743,6
8744,2
8745,6
8746,2
8747,2
8748,6
8749,1
8750,5
8751,2
8752,6
8753,5
8754,5
8755,0
8756,4
8757,6
8758,2
8759,6
8760,2
8761,2
8762,4
8763,2
8764,0
8765,2
8766,6
8767,3
8768,3
8769,2
8770,3
8771,5
8772,6
8773,0
8774,2
8775,2
8776,3
8777,2
8778,2
8779,3
8780,6
8781,1
8782,2
8783,3
8784,5
8785,3
8786,4
8787,2
8788,5
8789,3
8790,1
8791,3
8792,3
8793,3
8794,3
8795,4
8796,6
8797,4
8798,2
8799,0
8800,4
8801,3
8802,6
8803,4
8804,6
8805,6
8806,3
8807,3
8808,4
8809,0
8810,3
8811,0
8812,2
8813,1
8814,5
8815,2
8816,5
8817,0
8818,2
8819,2
8820,4
8821,3
8822,5
8823,0
8824,0
8825,5
8826,0
8827,4
8828,0
8829,4
8830,0
8831,3
8832,4
8833,6
8834,2
8835,4
8836,1
8837,3
8838,2
8839,1
8840,1
8841,3
8842,0
8843,6
8844,0
8845,2
8846,1
8847,1
8848,0
8849,0
8850,2
8851,2
8852,0
8853,3
8854,2
8855,3
8856,5
8857,6
8858,2
8859,2
8860,2
8861,0
8862,3
8863,3
8864,3
8865,3
8866,3
8867,6
8868,4
8869,2
8870,0
8871,3
8872,3
8873,2
8874,2
8875,5
8876,1
8877,2
8878,4
8879,1
8880,3
8881,3
8882,3
8883,2
8884,3
8885,0
8886,3
8887,0
8888,0
8889,0
8890,3
8891,4
8892,3
8893,3
8894,2
8895,3
8896,1
8897,3
8898,4
8899,3
8900,2
8901,0
8902,5
8903,3
8904,2
8905,2
8906,3
8907,4
8908,0
8909,6
8910,5
8911,0
8912,5
8913,5
8914,3
8915,3
8916,3
8917,3
8918,5
8919,2
8920,6
8921,3
8922,0
8923,3
8924,2
8925,3
8926,0
8927,5
8928,3
8929,3
8930,2
8931,0
8932,4
8933,3
8934,3
8935,3
8936,3
8937,5
8938,6
8939,3
8940,3
8941,2
8942,5
8943,1
8944,0
8945,6
8946,0
8947,1
8948,5
8949,5
8950,3
8951,2
8952,5
8953,4
8954,3
8955,6
8956,3
8957,3
8958,4
8959,4
8960,5
8961,0
8962,1
8963,4
8964,0
8965,6
8966,3
8967,5
8968,1
8969,4
8970,2
8971,2
8972,4
8973,4
8974,1
8975,4
8976,4
8977,3
8978,5
8979,4
8980,4
8981,1
8982,6
8983,1
8984,6
8985,4
8986,2
8987,5
8988,1
8989,0
8990,3
8991,3
8992,3
8993,5
8994,5
8995,6
8996,3
8997,0
8998,4
8999,4
9000,3
9001,3
9002,5
9003,3
9004,5
9005,4
9006,2
9007,6
9008,6
9009,3
9010,3
9011,5
9012,4
9013,4
9014,0
9015,4
9016,4
9017,5
9018,0
9019,5
9020,2
9021,3
9022,4
9023,3
9024,3
9025,4
9026,6
9027,6
9028,2
9029,4
9030,1
9031,2
9032,3
9033,5
9034,2
9035,2
9036,6
9037,3
9038,2
9039,3
9040,4
9041,2
9042,2
9043,2
9044,0
9045,0
9046,3
9047,1
9048,5
9049,1
9050,4
9051,4
9052,2
9053,3
9054,0
9055,2
9056,6
9057,0
9058,4
9059,2
9060,0
9061,6
9062,0
9063,4
9064,1
9065,1
9066,6
9067,0
9068,1
9069,3
9070,6
9071,2
9072,3
9073,0
9074,6
9075,0
9076,0
9077,3
9078,6
9079,0
9080,6
9081,5
9082,2
9083,3
9084,0
9085,2
9086,3
9087,1
9088,0
9089,0
9090,1
9091,3
9092,6
9093,2
9094,0
9095,4
9096,6
9097,2
9098,3
9099,1
9100,0
9101,4
9102,0
9103,4
9104,2
9105,6
9106,2
9107,0
9108,0
9109,0
9110,4
9111,2
9112,4
9113,3
9114,1
9115,5
9116,6
9117,5
9118,0
9119,3
9120,0
9121,3
9122,0
9123,2
9124,0
9125,4
9126,2
9127,3
9128,1
9129,3
9130,2
9131,1
9132,1
9133,1
9134,0
9135,3
9136,4
9137,6
9138,6
9139,3
9140,3
9141,6
9142,4
9143,1
9144,0
9145,3
9146,4
9147,0
9148,0
9149,2
9150,3
9151,4
9152,3
9153,0
9154,4
9155,2
9156,4
9157,6
9158,6
9159,0
9160,3
9161,1
9162,1
9163,2
9164,3
9165,3
9166,6
9167,0
9168,4
9169,6
9170,4
9171,2
9172,1
9173,4
9174,1
9175,0
9176,2
9177,2
9178,4
9179,1
9180,5
9181,0
9182,2
9183,5
9184,3
9185,0
9186,6
9187,6
9188,0
9189,0
9190,3
9191,0
9192,3
9193,0
9194,5
9195,1
9196,3
9197,3
9198,6
9199,0
9200,6
9201,6
9202,6
9203,6
9204,3
9205,2
9206,1
9207,6
9208,2
9209,3
9210,6
9211,6
9212,3
9213,2
9214,6
9215,6
9216,5
9217,6
9218,5
9219,0
9220,1
9221,3
9222,2
9223,4
9224,5
9225,6
9226,1
9227,0
9228,1
9229,2
9230,6
9231,6
9232,6
9233,3
9234,6
9235,0
9236,6
9237,0
9238,4
9239,3
9240,1
9241,6
9242,2
9243,3
9244,1
9245,0
9246,6
9247,5
9248,2
9249,3
9250,2
9251,4
9252,3
9253,6
9254,5
9255,0
9256,0
9257,0
9258,6
9259,6
9260,6
9261,0
9262,6
9263,2
9264,2
9265,2
9266,0
9267,6
9268,0
9269,4
9270,2
9271,0
9272,2
9273,3
9274,2
9275,3
9276,2
9277,3
9278,2
9279,6
9280,3
9281,1
9282,3
9283,6
9284,6
9285,2
9286,3
9287,3
9288,3
9289,3
9290,1
9291,2
9292,3
9293,1
9294,0
9295,0
9296,6
9297,1
9298,6
9299,6
9300,6
9301,0
9302,1
9303,3
9304,3
9305,5
9306,5
9307,6
9308,6
9309,3
9310,6
9311,3
9312,3
9313,3
9314,0
9315,0
9316,0
9317,3
9318,0
9319,6
9320,3
9321,0
9322,2
9323,6
9324,4
9325,4
9326,4
9327,4
9328,1
9329,0
9330,1
9331,4
9332,0
9333,3
9334,2
9335,1
9336,2
9337,3
9338,0
9339,4
9340,0
9341,0
9342,6
9343,4
9344,0
9345,0
9346,0
9347,0
9348,3
9349,0
9350,2
9351,4
9352,4
9353,6
9354,2
9355,0
9356,0
9357,0
9358,0
9359,5
9360,2
9361,2
9362,2
9363,0
9364,1
9365,2
9366,3
9367,0
9368,4
9369,1
9370,3
9371,3
9372,3
9373,3
9374,3
9375,0
9376,3
9377,6
9378,1
9379,0
9380,0
9381,3
9382,5
9383,4
9384,0
9385,0
9386,0
9387,6
9388,0
9389,0
9390,0
9391,2
9392,1
9393,6
9394,6
9395,2
9396,5
9397,2
9398,2
9399,0
9400,4
9401,1
9402,1
9403,5
9404,2
9405,4
9406,1
9407,6
9408,2
9409,2
9410,4
9411,2
9412,2
9413,2
9414,0
9415,3
9416,0
9417,2
9418,6
9419,4
9420,0
9421,6
9422,4
9423,4
9424,6
9425,5
9426,5
9427,0
9428,0
9429,4
9430,1
9431,4
9432,6
9433,4
9434,5
9435,1
9436,3
9437,1
9438,0
9439,0
9440,6
9441,3
9442,0
9443,0
9444,2
9445,2
9446,2
9447,4
9448,0
9449,2
9450,2
9451,2
9452,2
9453,2
9454,4
9455,2
9456,5
9457,0
9458,4
9459,1
9460,3
9461,2
9462,0
9463,0
9464,4
9465,1
9466,3
9467,2
9468,3
9469,5
9470,0
9471,2
9472,2
9473,5
9474,1
9475,3
9476,3
9477,2
9478,3
9479,0
9480,3
9481,5
9482,0
9483,3
9484,2
9485,3
9486,0
9487,0
9488,2
9489,0
9490,3
9491,3
9492,2
9493,2
9494,0
9495,3
9496,3
9497,0
9498,3
9499,3
9500,4
9501,2
9502,2
9503,3
9504,2
9505,4
9506,4
9507,3
9508,3
9509,4
9510,2
9511,3
9512,2
9513,2
9514,3
9515,3
9516,3
9517,4
9518,4
9519,4
9520,3
9521,0
9522,3
9523,3
9524,2
9525,3
9526,3
9527,3
9528,3
9529,2
9530,3
9531,2
9532,3
9533,2
9534,4
9535,2
9536,3
9537,3
9538,2
9539,3
9540,3
9541,3
9542,2
9543,3
9544,6
9545,6
9546,3
9547,2
9548,3
9549,2
9550,6
9551,2
9552,1
9553,0
9554,3
9555,1
9556,6
9557,6
9558,6
9559,6
9560,6
9561,6
9562,6
9563,2
9564,0
9565,3
9566,6
9567,6
9568,6
9569,3
9570,3
9571,0
9572,3
9573,0
9574,0
9575,0
9576,0
9577,0
9578,0
9579,6
9580,0
9581,2
9582,2
9583,5
9584,0
9585,2
9586,5
9587,0
9588,6
9589,0
9590,1
9591,6
9592,0
9593,0
9594,3
9595,2
9596,5
9597,0
9598,0
9599,4
9600,2
9601,2
9602,4
9603,0
9604,4
9605,6
9606,2
9607,5
9608,2
9609,0
9610,5
9611,6
9612,5
9613,2
9614,5
9615,6
9616,0
9617,2
9618,3
9619,4
9620,1
9621,5
9622,5
9623,2
9624,6
9625,2
9626,6
9627,4
9628,1
9629,2
9630,5
9631,5
9632,1
9633,2
9634,0
9635,6
9636,0
9637,0
9638,2
9639,0
9640,2
9641,5
9642,2
9643,3
9644,5
9645,0
9646,2
9647,1
9648,2
9649,3
9650,3
9651,5
9652,2
9653,6
9654,5
9655,6
9656,2
9657,6
9658,4
9659,0
9660,0
9661,2
9662,0
9663,5
9664,2
9665,2
9666,2
9667,0
9668,3
9669,4
9670,5
9671,2
9672,2
9673,4
9674,5
9675,1
9676,5
9677,5
9678,3
9679,2
9680,3
9681,5
9682,4
9683,5
9684,2
9685,0
9686,2
9687,5
9688,5
9689,2
9690,2
9691,6
9692,3
9693,2
9694,2
9695,4
9696,5
9697,3
9698,2
9699,6
9700,2
9701,4
9702,2
9703,4
9704,2
9705,2
9706,2
9707,6
9708,2
9709,5
9710,1
9711,4
9712,2
9713,6
9714,5
9715,6
9716,4
9717,5
9718,4
9719,6
9720,3
9721,2
9722,2
9723,1
9724,4
9725,2
9726,2
9727,5
9728,4
9729,5
9730,2
9731,0
9732,0
9733,5
9734,3
9735,0
9736,5
9737,4
9738,5
9739,1
9740,6
9741,3
9742,3
9743,0
9744,2
9745,6
9746,6
9747,5
9748,2
9749,2
9750,4
9751,2
9752,2
9753,2
9754,3
9755,5
9756,2
9757,4
9758,0
9759,6
9760,6
9761,0
9762,1
9763,2
9764,3
9765,5
9766,2
9767,5
9768,1
9769,6
9770,5
9771,5
9772,6
9773,0
9774,6
9775,5
9776,0
9777,2
9778,5
9779,2
9780,5
9781,5
9782,0
9783,4
9784,5
9785,2
9786,3
9787,6
9788,0
9789,2
9790,0
9791,2
9792,2
9793,0
9794,0
9795,5
9796,2
9797,6
9798,6
9799,1
9800,3
9801,1
9802,2
9803,5
9804,1
9805,5
9806,5
9807,2
9808,0
9809,2
9810,2
9811,3
9812,2
9813,6
9814,3
9815,4
9816,2
9817,4
9818,5
9819,0
9820,0
9821,4
9822,0
9823,2
9824,2
9825,3
9826,2
9827,3
9828,4
9829,4
9830,0
9831,5
9832,2
9833,5
9834,6
9835,0
9836,6
9837,5
9838,4
9839,0
9840,0
9841,5
9842,3
9843,6
9844,4
9845,5
9846,0
9847,2
9848,0
9849,5
9850,0
9851,6
9852,1
9853,5
9854,2
9855,3
9856,6
9857,2
9858,2
9859,6
9860,2
9861,3
9862,2
9863,5
9864,1
9865,5
9866,5
9867,4
9868,6
9869,6
9870,5
9871,5
9872,5
9873,4
9874,2
9875,6
9876,5
9877,4
9878,5
9879,3
9880,5
9881,6
9882,0
9883,0
9884,6
9885,4
9886,5
9887,0
9888,2
9889,0
9890,2
9891,1
9892,5
9893,2
9894,2
9895,3
9896,4
9897,2
9898,2
9899,6
9900,5
9901,1
9902,4
9903,6
9904,6
9905,0
9906,2
9907,2
9908,5
9909,1
9910,6
9911,0
9912,5
9913,6
9914,2
9915,3
9916,0
9917,5
9918,0
9919,2
9920,4
9921,2
9922,0
9923,0
9924,2
9925,1
9926,6
9927,4
9928,2
9929,5
9930,5
9931,6
9932,3
9933,0
9934,4
9935,2
9936,2
9937,6
9938,2
9939,0
9940,5
9941,6
9942,2
9943,0
9944,2
9945,1
9946,2
9947,6
9948,2
9949,3
9950,4
9951,6
9952,2
9953,2
9954,5
9955,6
9956,6
9957,2
9958,3
9959,2
9960,2
9961,2
9962,0
9963,2
9964,3
9965,2
9966,2
9967,6
9968,5
9969,2
9970,5
9971,3
9972,5
9973,6
9974,0
9975,3
9976,3
9977,3
9978,4
9979,0
9980,0
9981,2
9982,5
9983,4
9984,6
9985,3
9986,2
9987,1
9988,5
9989,0
9990,5
9991,2
9992,3
9993,2
9994,1
9995,1
9996,0
9997,2
9998,0
9999,0
